Workbook

Sheet 总消费监控
A1: 日期 | B1: feed竞价总消费 | C1: feed竞价企业总消费 | D1: feed竞价企业账户数 | E1: feed企业ARPU | F1: 框架消费 | AE1: Q4feed总消费 | AF1: Q4feed总消费 | AG1: Q4feed总消费
A2: 45108 | B2: =IF(C2="","",C2+F2) | C2: =IF(客服部门消费监控!AI3="","",客服部门消费监控!AI3) | D2: =IF(客服部门消费监控!AI3="","",客服部门消费监控!AJ3) | E2: =IF(客服部门消费监控!AI3="","",客服部门消费监控!AK3) | F2: =IF(客服部门消费监控!AI3="","",客服部门消费监控!AC3) | H2: 完成分数 | I2: feed总任务 | J2: 昨日总消费 | K2: 剩余天数 | L2: 当前完成率 | M2: 预计可完成 | N2: 预计完成率 | O2: 预计总差额 | P2: 当前日均差额 | Q2: Q2合计消费(扣除罚款） | R2: Q2判罚金额 | S2: Q2总消费 | T2: Q2feed竞价消费 | U2: Q2feedGD消费 | V2: 4月feed竞价消费 | W2: 5月feed竞价消费 | X2: 6月feed竞价消费 | Y2: 时间进度差额 | AE2: 0 | AF2: 0 | AG2: 0
A3: 45109 | B3: =IF(C3="","",C3+F3) | C3: =IF(客服部门消费监控!AI4="","",客服部门消费监控!AI4) | D3: =IF(客服部门消费监控!AI4="","",客服部门消费监控!AJ4) | E3: =IF(客服部门消费监控!AI4="","",客服部门消费监控!AK4) | F3: =IF(客服部门消费监控!AI4="","",客服部门消费监控!AC4) | H3: 100 | J3: =I12 -> 0 | K3: =92-COUNTIF(C:C,">0") -> 92 | L3: =IF(I3="","",Q3/I3) | M3: =Q3+J3*K3 -> 0 | N3: =IF(I3="","",M3/I3) | O3: =IF(I3="","",I3-M3) | P3: =IF(I3="","",O3/K3) | Q3: =S3+R3 -> 0 | R3: 0 | S3: =T3+U3 -> 0 | T3: =SUM(V3+W3+X3) -> 0 | V3: =SUMIFS($B$2:$B$93,$A$2:$A$93,">="&DATE(2023,LEFT(V2,1),1),$A$2:$A$93,"<"&DATE(2023,LEFT(V2,1)+1,1)) -> 0 | W3: =SUMIFS($B$2:$B$93,$A$2:$A$93,">="&DATE(2023,LEFT(W2,1),1),$A$2:$A$93,"<"&DATE(2023,LEFT(W2,1)+1,1)) -> 0 | X3: =SUMIFS($B$2:$B$93,$A$2:$A$93,">="&DATE(2023,LEFT(X2,1),1),$A$2:$A$93,"<"&DATE(2023,LEFT(X2,1)+1,1)) -> 0 | Y3: =(90-K3)/90-L3 -> #VALUE!
A4: 45110 | B4: =IF(C4="","",C4+F4) | C4: =IF(客服部门消费监控!AI5="","",客服部门消费监控!AI5) | D4: =IF(客服部门消费监控!AI5="","",客服部门消费监控!AJ5) | E4: =IF(客服部门消费监控!AI5="","",客服部门消费监控!AK5) | F4: =IF(客服部门消费监控!AI5="","",客服部门消费监控!AC5)
A5: 45111 | B5: =IF(C5="","",C5+F5) | C5: =IF(客服部门消费监控!AI6="","",客服部门消费监控!AI6) | D5: =IF(客服部门消费监控!AI6="","",客服部门消费监控!AJ6) | E5: =IF(客服部门消费监控!AI6="","",客服部门消费监控!AK6) | F5: =IF(客服部门消费监控!AI6="","",客服部门消费监控!AC6) | H5: 地区 | I5: 昨日feed竞价消费 | J5: 昨日feed竞价账户数 | K5: feed竞价消费环比 | L5: feed竞价户均 | M5: 本月各渠道总消费
A6: 45112 | B6: =IF(C6="","",C6+F6) | C6: =IF(客服部门消费监控!AI7="","",客服部门消费监控!AI7) | D6: =IF(客服部门消费监控!AI7="","",客服部门消费监控!AJ7) | E6: =IF(客服部门消费监控!AI7="","",客服部门消费监控!AK7) | F6: =IF(客服部门消费监控!AI7="","",客服部门消费监控!AC7) | H6: 厦门 | I6: =OFFSET(分地区消费!$B$3,COUNTIFS(分地区消费!$B$3:$B$94,">=0")-1,0,1,1) -> feed竞价消费 | J6: =OFFSET(分地区消费!$C$3,COUNTIFS(分地区消费!$C$3:$C$94,">=0")-1,,1,1) -> feed竞价账户数 | K6: =OFFSET(分地区消费!$B$3,COUNTIFS(分地区消费!$B$3:$B$92,">=0")-1,,1,1)-OFFSET(分地区消费!$B$3,COUNTIFS(分地区消费!$B$3:$B$92,">=0")-2,,1,1) -> #VALUE! | L6: =I6/J6 -> #VALUE! | M6: =SUMIFS(分地区消费!$B$3:$B$94,分地区消费!$A$3:$A$94,">="&DATE(2023,7,1)) -> 0
A7: 45113 | B7: =IF(C7="","",C7+F7) | C7: =IF(客服部门消费监控!AI8="","",客服部门消费监控!AI8) | D7: =IF(客服部门消费监控!AI8="","",客服部门消费监控!AJ8) | E7: =IF(客服部门消费监控!AI8="","",客服部门消费监控!AK8) | F7: =IF(客服部门消费监控!AI8="","",客服部门消费监控!AC8) | H7: 泉州 | I7: =OFFSET(分地区消费!$E$3,COUNTIFS(分地区消费!$E$3:$E$94,">=0")-1,,1,1) -> feed竞价消费 | J7: =OFFSET(分地区消费!$F$3,COUNTIFS(分地区消费!$F$3:$F$94,">=0")-1,,1,1) -> feed竞价账户数 | K7: =OFFSET(分地区消费!$E$3,COUNTIFS(分地区消费!$E$3:$E$92,">=0")-1,,1,1)-OFFSET(分地区消费!$E$3,COUNTIFS(分地区消费!$E$3:$E$92,">=0")-2,,1,1) -> #VALUE! | L7: =I7/J7 -> #VALUE! | M7: =SUMIFS(分地区消费!$E$3:$E$94,分地区消费!$A$3:$A$94,">="&DATE(2023,7,1)) -> 0
A8: 45114 | B8: =IF(C8="","",C8+F8) | C8: =IF(客服部门消费监控!AI9="","",客服部门消费监控!AI9) | D8: =IF(客服部门消费监控!AI9="","",客服部门消费监控!AJ9) | E8: =IF(客服部门消费监控!AI9="","",客服部门消费监控!AK9) | F8: =IF(客服部门消费监控!AI9="","",客服部门消费监控!AC9) | H8: 漳州 | I8: =OFFSET(分地区消费!$H$3,COUNTIFS(分地区消费!$H$3:$H$94,">=0")-1,,1,1) -> feed竞价消费 | J8: =OFFSET(分地区消费!$I$3,COUNTIFS(分地区消费!$I$3:$I$94,">0")-1,,1,1) -> feed竞价账户数 | K8: =OFFSET(分地区消费!$H$3,COUNTIFS(分地区消费!$H$3:$H$92,">0")-1,,1,1)-OFFSET(分地区消费!$H$3,COUNTIFS(分地区消费!$H$3:$H$92,">0")-2,,1,1) -> #VALUE! | L8: =I8/J8 -> #VALUE! | M8: =SUMIFS(分地区消费!$H$3:$H$94,分地区消费!$A$3:$A$94,">="&DATE(2023,7,1)) -> 0
A9: 45115 | B9: =IF(C9="","",C9+F9) | C9: =IF(客服部门消费监控!AI10="","",客服部门消费监控!AI10) | D9: =IF(客服部门消费监控!AI10="","",客服部门消费监控!AJ10) | E9: =IF(客服部门消费监控!AI10="","",客服部门消费监控!AK10) | F9: =IF(客服部门消费监控!AI10="","",客服部门消费监控!AC10) | H9: 龙岩 | I9: =OFFSET(分地区消费!$K$3,COUNTIFS(分地区消费!$K$3:$K$94,">=0")-1,,1,1) -> feed竞价消费 | J9: =OFFSET(分地区消费!$L$3,COUNTIFS(分地区消费!$L$3:$L$94,">=0")-1,,1,1) -> feed竞价账户数 | K9: =OFFSET(分地区消费!$K$3,COUNTIFS(分地区消费!$K$3:$K$92,">=0")-1,,1,1)-OFFSET(分地区消费!$K$3,COUNTIFS(分地区消费!$K$3:$K$92,">=0")-2,,1,1) -> #VALUE! | L9: =I9/J9 -> #VALUE! | M9: =SUMIFS(分地区消费!$K$3:$K$94,分地区消费!$A$3:$A$94,">="&DATE(2023,7,1)) -> 0
A10: 45116 | B10: =IF(C10="","",C10+F10) | C10: =IF(客服部门消费监控!AI11="","",客服部门消费监控!AI11) | D10: =IF(客服部门消费监控!AI11="","",客服部门消费监控!AJ11) | E10: =IF(客服部门消费监控!AI11="","",客服部门消费监控!AK11) | F10: =IF(客服部门消费监控!AI11="","",客服部门消费监控!AC11) | H10: 框架 | I10: =OFFSET(分地区消费!$N$3,COUNTIFS(分地区消费!$N$3:$N$94,">=0")-1,,1,1) -> feed竞价消费 | J10: =OFFSET(分地区消费!$O$3,COUNTIFS(分地区消费!$O$3:$O$94,">=0")-1,,1,1) -> feed竞价账户数 | K10: =OFFSET(分地区消费!$N$3,COUNTIFS(分地区消费!$N$3:$N$92,">=0")-1,,1,1)-OFFSET(分地区消费!$N$3,COUNTIFS(分地区消费!$N$3:$N$92,">=0")-2,,1,1) -> #VALUE! | L10: =I10/J10 -> #VALUE! | M10: =SUMIFS(分地区消费!$N$3:$N$94,分地区消费!$A$3:$A$94,">="&DATE(2023,7,1)) -> 0
A11: 45117 | B11: =IF(C11="","",C11+F11) | C11: =IF(客服部门消费监控!AI12="","",客服部门消费监控!AI12) | D11: =IF(客服部门消费监控!AI12="","",客服部门消费监控!AJ12) | E11: =IF(客服部门消费监控!AI12="","",客服部门消费监控!AK12) | F11: =IF(客服部门消费监控!AI12="","",客服部门消费监控!AC12) | H11: 其他 | I11: =OFFSET(分地区消费!$Q$3,COUNTIFS(分地区消费!$Q$3:$Q$94,">=0")-1,,1,1) -> feed竞价消费 | J11: =OFFSET(分地区消费!$R$3,COUNTIFS(分地区消费!$R$3:$R$94,">=0")-1,,1,1) -> feed竞价账户数 | K11: =OFFSET(分地区消费!$Q$3,COUNTIFS(分地区消费!$Q$3:$Q$92,">=0")-1,,1,1)-OFFSET(分地区消费!$Q$3,COUNTIFS(分地区消费!$Q$3:$Q$92,">=0")-2,,1,1) -> #VALUE! | L11: =IF(J11=0,"-",I11/J11) -> #VALUE! | M11: =SUMIFS(分地区消费!$Q$3:$Q$94,分地区消费!$A$3:$A$94,">="&DATE(2023,7,1)) -> 0
A12: 45118 | B12: =IF(C12="","",C12+F12) | C12: =IF(客服部门消费监控!AI13="","",客服部门消费监控!AI13) | D12: =IF(客服部门消费监控!AI13="","",客服部门消费监控!AJ13) | E12: =IF(客服部门消费监控!AI13="","",客服部门消费监控!AK13) | F12: =IF(客服部门消费监控!AI13="","",客服部门消费监控!AC13) | H12: 总计 | I12: =SUM(I6:I11) -> 0 | J12: =SUM(J6:J11) -> 0 | K12: =SUM(K6:K11) -> #VALUE! | L12: =I12/J12 -> #DIV/0! | M12: =SUM(M6:M11) -> 0
A13: 45119 | B13: =IF(C13="","",C13+F13) | C13: =IF(客服部门消费监控!AI14="","",客服部门消费监控!AI14) | D13: =IF(客服部门消费监控!AI14="","",客服部门消费监控!AJ14) | E13: =IF(客服部门消费监控!AI14="","",客服部门消费监控!AK14) | F13: =IF(客服部门消费监控!AI14="","",客服部门消费监控!AC14)
A14: 45120 | B14: =IF(C14="","",C14+F14) | C14: =IF(客服部门消费监控!AI15="","",客服部门消费监控!AI15) | D14: =IF(客服部门消费监控!AI15="","",客服部门消费监控!AJ15) | E14: =IF(客服部门消费监控!AI15="","",客服部门消费监控!AK15) | F14: =IF(客服部门消费监控!AI15="","",客服部门消费监控!AC15) | H14: 部门 | I14: 昨日feed消费 | J14: 昨日feed竞价账户数 | K14: feed消费环比 | L14: feed户均 | M14: 本月各渠道总消费
A15: 45121 | B15: =IF(C15="","",C15+F15) | C15: =IF(客服部门消费监控!AI16="","",客服部门消费监控!AI16) | D15: =IF(客服部门消费监控!AI16="","",客服部门消费监控!AJ16) | E15: =IF(客服部门消费监控!AI16="","",客服部门消费监控!AK16) | F15: =IF(客服部门消费监控!AI16="","",客服部门消费监控!AC16) | H15: 大客部门 | I15: =OFFSET(客服部门消费监控!$B$3,COUNTIF(客服部门消费监控!$B$3:$B$94,">=0")-1,,1,1) -> feed竞价消费 | J15: =OFFSET(客服部门消费监控!$C$3,COUNTIF(客服部门消费监控!$C$3:$C$94,">=0")-1,,1,1) -> feed竞价账户数 | K15: =OFFSET(客服部门消费监控!$B$3,COUNTIF(客服部门消费监控!$B$3:$B$92,">=0")-1,,1,1)-OFFSET(客服部门消费监控!$B$3,COUNTIF(客服部门消费监控!$B$3:$B$92,">=0")-2,,1,1) -> #VALUE! | L15: =IFERROR(I15/J15,"") | M15: =SUMIFS(客服部门消费监控!$B$3:$B$94,客服部门消费监控!$A$3:$A$94,">="&DATE(2023,7,1)) -> 0
A16: 45122 | B16: =IF(C16="","",C16+F16) | C16: =IF(客服部门消费监控!AI17="","",客服部门消费监控!AI17) | D16: =IF(客服部门消费监控!AI17="","",客服部门消费监控!AJ17) | E16: =IF(客服部门消费监控!AI17="","",客服部门消费监控!AK17) | F16: =IF(客服部门消费监控!AI17="","",客服部门消费监控!AC17) | H16: 培训部 | I16: =OFFSET(客服部门消费监控!$E$3,COUNTIF(客服部门消费监控!$E$3:$E$94,">=0")-1,,1,1) -> feed竞价消费 | K16: =OFFSET(客服部门消费监控!$E$3,COUNTIF(客服部门消费监控!$E$3:$E$92,">=0")-1,,1,1)-OFFSET(客服部门消费监控!$E$3,COUNTIF(客服部门消费监控!$E$3:$E$92,">=0")-2,,1,1) -> #VALUE! | L16: =IFERROR(I16/J16,"") | M16: =SUMIFS(客服部门消费监控!$E$3:$E$94,客服部门消费监控!$A$3:$A$94,">="&DATE(2023,7,1)) -> 0
A17: 45123 | B17: =IF(C17="","",C17+F17) | C17: =IF(客服部门消费监控!AI18="","",客服部门消费监控!AI18) | D17: =IF(客服部门消费监控!AI18="","",客服部门消费监控!AJ18) | E17: =IF(客服部门消费监控!AI18="","",客服部门消费监控!AK18) | F17: =IF(客服部门消费监控!AI18="","",客服部门消费监控!AC18) | H17: 泉州中小企业增值部 | I17: =OFFSET(客服部门消费监控!$H$3,COUNTIF(客服部门消费监控!$H$3:$H$94,">=0")-1,,1,1) -> feed竞价消费 | J17: =OFFSET(客服部门消费监控!$I$3,COUNTIF(客服部门消费监控!$I$3:$I$94,">=0")-1,,1,1) -> feed竞价账户数 | K17: =OFFSET(客服部门消费监控!$H$3,COUNTIF(客服部门消费监控!$H$3:$H$92,">=0")-1,,1,1)-OFFSET(客服部门消费监控!$H$3,COUNTIF(客服部门消费监控!$H$3:$H$92,">=0")-2,,1,1) -> #VALUE! | L17: =IFERROR(I17/J17,"") | M17: =SUMIFS(客服部门消费监控!$H$3:$H$94,客服部门消费监控!$A$3:$A$94,">="&DATE(2023,7,1)) -> 0
A18: 45124 | B18: =IF(C18="","",C18+F18) | C18: =IF(客服部门消费监控!AI19="","",客服部门消费监控!AI19) | D18: =IF(客服部门消费监控!AI19="","",客服部门消费监控!AJ19) | E18: =IF(客服部门消费监控!AI19="","",客服部门消费监控!AK19) | F18: =IF(客服部门消费监控!AI19="","",客服部门消费监控!AC19) | H18: 失效挽救部 | I18: =OFFSET(客服部门消费监控!$K$3,COUNTIF(客服部门消费监控!$K$3:$K$94,">=0")-1,,1,1) -> feed竞价消费 | J18: =OFFSET(客服部门消费监控!$L$3,COUNTIF(客服部门消费监控!$L$3:$L$94,">=0")-1,,1,1) -> feed竞价账户数 | K18: =OFFSET(客服部门消费监控!$K$3,COUNTIF(客服部门消费监控!$K$3:$K$92,">=0")-1,,1,1)-OFFSET(客服部门消费监控!$K$3,COUNTIF(客服部门消费监控!$K$3:$K$92,">=0")-2,,1,1) -> #VALUE! | L18: =IFERROR(I18/J18,"") | M18: =SUMIFS(客服部门消费监控!$K$3:$K$94,客服部门消费监控!$A$3:$A$94,">="&DATE(2023,7,1)) -> 0
A19: 45125 | B19: =IF(C19="","",C19+F19) | C19: =IF(客服部门消费监控!AI20="","",客服部门消费监控!AI20) | D19: =IF(客服部门消费监控!AI20="","",客服部门消费监控!AJ20) | E19: =IF(客服部门消费监控!AI20="","",客服部门消费监控!AK20) | F19: =IF(客服部门消费监控!AI20="","",客服部门消费监控!AC20) | H19: 维护部门 | I19: =OFFSET(客服部门消费监控!$N$3,COUNTIF(客服部门消费监控!$N$3:$N$94,">=0")-1,,1,1) -> feed竞价消费 | J19: =OFFSET(客服部门消费监控!$O$3,COUNTIF(客服部门消费监控!$O$3:$O$94,">=0")-1,,1,1) -> feed竞价账户数 | K19: =OFFSET(客服部门消费监控!$N$3,COUNTIF(客服部门消费监控!$N$3:$N$92,">=0")-1,,1,1)-OFFSET(客服部门消费监控!$N$3,COUNTIF(客服部门消费监控!$N$3:$N$92,">=0")-2,,1,1) -> #VALUE! | L19: =IFERROR(I19/J19,"") | M19: =SUMIFS(客服部门消费监控!$N$3:$N$94,客服部门消费监控!$A$3:$A$94,">="&DATE(2023,7,1)) -> 0
A20: 45126 | B20: =IF(C20="","",C20+F20) | C20: =IF(客服部门消费监控!AI21="","",客服部门消费监控!AI21) | D20: =IF(客服部门消费监控!AI21="","",客服部门消费监控!AJ21) | E20: =IF(客服部门消费监控!AI21="","",客服部门消费监控!AK21) | F20: =IF(客服部门消费监控!AI21="","",客服部门消费监控!AC21) | H20: 新开部门 | I20: =OFFSET(客服部门消费监控!$Q$3,COUNTIF(客服部门消费监控!$Q$3:$Q$94,">=0")-1,,1,1) -> feed竞价消费 | J20: =OFFSET(客服部门消费监控!$R$3,COUNTIF(客服部门消费监控!$R$3:$R$94,">=0")-1,,1,1) -> feed竞价账户数 | K20: =OFFSET(客服部门消费监控!$Q$3,COUNTIF(客服部门消费监控!$Q$3:$Q$92,">=0")-1,,1,1)-OFFSET(客服部门消费监控!$Q$3,COUNTIF(客服部门消费监控!$Q$3:$Q$92,">=0")-2,,1,1) -> #VALUE! | L20: =IFERROR(I20/J20,"") | M20: =SUMIFS(客服部门消费监控!$Q$3:$Q$94,客服部门消费监控!$A$3:$A$94,">="&DATE(2023,7,1)) -> 0
A21: 45127 | B21: =IF(C21="","",C21+F21) | C21: =IF(客服部门消费监控!AI22="","",客服部门消费监控!AI22) | D21: =IF(客服部门消费监控!AI22="","",客服部门消费监控!AJ22) | E21: =IF(客服部门消费监控!AI22="","",客服部门消费监控!AK22) | F21: =IF(客服部门消费监控!AI22="","",客服部门消费监控!AC22) | H21: 行发维护大区 | I21: =OFFSET(客服部门消费监控!$T$3,COUNTIF(客服部门消费监控!$T$3:$T$94,">=0")-1,,1,1) -> feed竞价消费 | J21: =OFFSET(客服部门消费监控!$U$3,COUNTIF(客服部门消费监控!$U$3:$U$94,">=0")-1,,1,1) -> feed竞价账户数 | K21: =OFFSET(客服部门消费监控!$T$3,COUNTIF(客服部门消费监控!$T$3:$T$92,">=0")-1,,1,1)-OFFSET(客服部门消费监控!$T$3,COUNTIF(客服部门消费监控!$T$3:$T$92,">=0")-2,,1,1) -> #VALUE! | L21: =IFERROR(I21/J21,"") | M21: =SUMIFS(客服部门消费监控!$T$3:$T$94,客服部门消费监控!$A$3:$A$94,">="&DATE(2023,7,1)) -> 0
A22: 45128 | B22: =IF(C22="","",C22+F22) | C22: =IF(客服部门消费监控!AI23="","",客服部门消费监控!AI23) | D22: =IF(客服部门消费监控!AI23="","",客服部门消费监控!AJ23) | E22: =IF(客服部门消费监控!AI23="","",客服部门消费监控!AK23) | F22: =IF(客服部门消费监控!AI23="","",客服部门消费监控!AC23) | H22: 医疗事业部 | I22: =OFFSET(客服部门消费监控!$W$3,COUNTIF(客服部门消费监控!$W$3:$W$94,">=0")-1,,1,1) -> feed竞价消费 | J22: =OFFSET(客服部门消费监控!$X$3,COUNTIF(客服部门消费监控!$X$3:$X$94,">=0")-1,,1,1) -> feed竞价账户数 | K22: =OFFSET(客服部门消费监控!$W$3,COUNTIF(客服部门消费监控!$W$3:$W$92,">=0")-1,,1,1)-OFFSET(客服部门消费监控!$W$3,COUNTIF(客服部门消费监控!$W$3:$W$92,">=0")-2,,1,1) -> #VALUE! | L22: =IFERROR(I22/J22,"") | M22: =SUMIFS(客服部门消费监控!$W$3:$W$94,客服部门消费监控!$A$3:$A$94,">="&DATE(2023,7,1)) -> 0
A23: 45129 | B23: =IF(C23="","",C23+F23) | C23: =IF(客服部门消费监控!AI24="","",客服部门消费监控!AI24) | D23: =IF(客服部门消费监控!AI24="","",客服部门消费监控!AJ24) | E23: =IF(客服部门消费监控!AI24="","",客服部门消费监控!AK24) | F23: =IF(客服部门消费监控!AI24="","",客服部门消费监控!AC24) | H23: 漳州客服部 | I23: =OFFSET(客服部门消费监控!$Z$3,COUNTIF(客服部门消费监控!$Z$3:$Z$94,">=0")-1,,1,1) -> feed竞价消费 | J23: =OFFSET(客服部门消费监控!$AA$3,COUNTIF(客服部门消费监控!$AA$3:$AA$94,">=0")-1,,1,1) -> feed竞价账户数 | K23: =OFFSET(客服部门消费监控!$Z$3,COUNTIF(客服部门消费监控!$Z$3:$Z$92,">=0")-1,,1,1)-OFFSET(客服部门消费监控!$Z$3,COUNTIF(客服部门消费监控!$Z$3:$Z$92,">=0")-2,,1,1) -> #VALUE! | L23: =IFERROR(I23/J23,"") | M23: =SUMIFS(客服部门消费监控!$Z$3:$Z$94,客服部门消费监控!$A$3:$A$94,">="&DATE(2023,7,1)) -> 0
A24: 45130 | B24: =IF(C24="","",C24+F24) | C24: =IF(客服部门消费监控!AI25="","",客服部门消费监控!AI25) | D24: =IF(客服部门消费监控!AI25="","",客服部门消费监控!AJ25) | E24: =IF(客服部门消费监控!AI25="","",客服部门消费监控!AK25) | F24: =IF(客服部门消费监控!AI25="","",客服部门消费监控!AC25) | H24: 框架 | I24: =OFFSET(客服部门消费监控!$AC$3,COUNTIF(客服部门消费监控!$AC$3:$AC$94,">=0")-1,,1,1) -> feed竞价消费 | J24: =OFFSET(客服部门消费监控!$AD$3,COUNTIF(客服部门消费监控!$AD$3:$AD$94,">=0")-1,,1,1) -> feed竞价账户数 | K24: =OFFSET(客服部门消费监控!$AC$3,COUNTIF(客服部门消费监控!$AC$3:$AC$92,">=0")-1,,1,1)-OFFSET(客服部门消费监控!$AC$3,COUNTIF(客服部门消费监控!$AC$3:$AC$92,">=0")-2,,1,1) -> #VALUE! | L24: =IFERROR(I24/J24,"") | M24: =SUMIFS(客服部门消费监控!$AC$3:$AC$94,客服部门消费监控!$A$3:$A$94,">="&DATE(2023,7,1)) -> 0
A25: 45131 | B25: =IF(C25="","",C25+F25) | C25: =IF(客服部门消费监控!AI26="","",客服部门消费监控!AI26) | D25: =IF(客服部门消费监控!AI26="","",客服部门消费监控!AJ26) | E25: =IF(客服部门消费监控!AI26="","",客服部门消费监控!AK26) | F25: =IF(客服部门消费监控!AI26="","",客服部门消费监控!AC26) | H25: 运营策略中心 | I25: =OFFSET(客服部门消费监控!$AF$3,COUNTIF(客服部门消费监控!$AF$3:$AF$94,">=0")-1,,1,1) -> feed竞价消费 | J25: =OFFSET(客服部门消费监控!$AG$3,COUNTIF(客服部门消费监控!$AG$3:$AG$94,">=0")-1,,1,1) -> feed竞价账户数 | K25: =OFFSET(客服部门消费监控!$AF$3,COUNTIF(客服部门消费监控!$AF$3:$AF$92,">=0")-1,,1,1)-OFFSET(客服部门消费监控!$AF$3,COUNTIF(客服部门消费监控!$AF$3:$AF$92,">=0")-2,,1,1) -> #VALUE! | L25: =IFERROR(I25/J25,"-") -> - | M25: =SUMIFS(客服部门消费监控!$AF$3:$AF$94,客服部门消费监控!$A$3:$A$94,">="&DATE(2023,7,1)) -> 0
A26: 45132 | B26: =IF(C26="","",C26+F26) | C26: =IF(客服部门消费监控!AI27="","",客服部门消费监控!AI27) | D26: =IF(客服部门消费监控!AI27="","",客服部门消费监控!AJ27) | E26: =IF(客服部门消费监控!AI27="","",客服部门消费监控!AK27) | F26: =IF(客服部门消费监控!AI27="","",客服部门消费监控!AC27) | H26: 总计 | I26: =SUM(I15:I25) -> 0 | J26: =SUM(J15:J25) -> 0 | K26: =SUM(K15:K25) -> #VALUE! | L26: =I26/J26 -> #DIV/0! | M26: =SUM(M15:M25) -> 0
A27: 45133 | B27: =IF(C27="","",C27+F27) | C27: =IF(客服部门消费监控!AI28="","",客服部门消费监控!AI28) | D27: =IF(客服部门消费监控!AI28="","",客服部门消费监控!AJ28) | E27: =IF(客服部门消费监控!AI28="","",客服部门消费监控!AK28) | F27: =IF(客服部门消费监控!AI28="","",客服部门消费监控!AC28)
A28: 45134 | B28: =IF(C28="","",C28+F28) | C28: =IF(客服部门消费监控!AI29="","",客服部门消费监控!AI29) | D28: =IF(客服部门消费监控!AI29="","",客服部门消费监控!AJ29) | E28: =IF(客服部门消费监控!AI29="","",客服部门消费监控!AK29) | F28: =IF(客服部门消费监控!AI29="","",客服部门消费监控!AC29)
A29: 45135 | B29: =IF(C29="","",C29+F29) | C29: =IF(客服部门消费监控!AI30="","",客服部门消费监控!AI30) | D29: =IF(客服部门消费监控!AI30="","",客服部门消费监控!AJ30) | E29: =IF(客服部门消费监控!AI30="","",客服部门消费监控!AK30) | F29: =IF(客服部门消费监控!AI30="","",客服部门消费监控!AC30)
A30: 45136 | B30: =IF(C30="","",C30+F30) | C30: =IF(客服部门消费监控!AI31="","",客服部门消费监控!AI31) | D30: =IF(客服部门消费监控!AI31="","",客服部门消费监控!AJ31) | E30: =IF(客服部门消费监控!AI31="","",客服部门消费监控!AK31) | F30: =IF(客服部门消费监控!AI31="","",客服部门消费监控!AC31)
A31: 45137 | B31: =IF(C31="","",C31+F31) | C31: =IF(客服部门消费监控!AI32="","",客服部门消费监控!AI32) | D31: =IF(客服部门消费监控!AI32="","",客服部门消费监控!AJ32) | E31: =IF(客服部门消费监控!AI32="","",客服部门消费监控!AK32) | F31: =IF(客服部门消费监控!AI32="","",客服部门消费监控!AC32)
A32: 45138 | B32: =IF(C32="","",C32+F32) | C32: =IF(客服部门消费监控!AI33="","",客服部门消费监控!AI33) | D32: =IF(客服部门消费监控!AI33="","",客服部门消费监控!AJ33) | E32: =IF(客服部门消费监控!AI33="","",客服部门消费监控!AK33) | F32: =IF(客服部门消费监控!AI33="","",客服部门消费监控!AC33)
A33: 45139 | B33: =IF(C33="","",C33+F33) | C33: =IF(客服部门消费监控!AI34="","",客服部门消费监控!AI34) | D33: =IF(客服部门消费监控!AI34="","",客服部门消费监控!AJ34) | E33: =IF(客服部门消费监控!AI34="","",客服部门消费监控!AK34) | F33: =IF(客服部门消费监控!AI34="","",客服部门消费监控!AC34)
A34: 45140 | B34: =IF(C34="","",C34+F34) | C34: =IF(客服部门消费监控!AI35="","",客服部门消费监控!AI35) | D34: =IF(客服部门消费监控!AI35="","",客服部门消费监控!AJ35) | E34: =IF(客服部门消费监控!AI35="","",客服部门消费监控!AK35) | F34: =IF(客服部门消费监控!AI35="","",客服部门消费监控!AC35)
A35: 45141 | B35: =IF(C35="","",C35+F35) | C35: =IF(客服部门消费监控!AI36="","",客服部门消费监控!AI36) | D35: =IF(客服部门消费监控!AI36="","",客服部门消费监控!AJ36) | E35: =IF(客服部门消费监控!AI36="","",客服部门消费监控!AK36) | F35: =IF(客服部门消费监控!AI36="","",客服部门消费监控!AC36)
A36: 45142 | B36: =IF(C36="","",C36+F36) | C36: =IF(客服部门消费监控!AI37="","",客服部门消费监控!AI37) | D36: =IF(客服部门消费监控!AI37="","",客服部门消费监控!AJ37) | E36: =IF(客服部门消费监控!AI37="","",客服部门消费监控!AK37) | F36: =IF(客服部门消费监控!AI37="","",客服部门消费监控!AC37)
A37: 45143 | B37: =IF(C37="","",C37+F37) | C37: =IF(客服部门消费监控!AI38="","",客服部门消费监控!AI38) | D37: =IF(客服部门消费监控!AI38="","",客服部门消费监控!AJ38) | E37: =IF(客服部门消费监控!AI38="","",客服部门消费监控!AK38) | F37: =IF(客服部门消费监控!AI38="","",客服部门消费监控!AC38)
A38: 45144 | B38: =IF(C38="","",C38+F38) | C38: =IF(客服部门消费监控!AI39="","",客服部门消费监控!AI39) | D38: =IF(客服部门消费监控!AI39="","",客服部门消费监控!AJ39) | E38: =IF(客服部门消费监控!AI39="","",客服部门消费监控!AK39) | F38: =IF(客服部门消费监控!AI39="","",客服部门消费监控!AC39)
... A92: 45198 | B92: =IF(C92="","",C92+F92) | C92: =IF(客服部门消费监控!AI93="","",客服部门消费监控!AI93) | D92: =IF(客服部门消费监控!AI93="","",客服部门消费监控!AJ93) | E92: =IF(客服部门消费监控!AI93="","",客服部门消费监控!AK93) | F92: =IF(客服部门消费监控!AI93="","",客服部门消费监控!AC93)
B93: =IF(C93="","",C93+F93) | C93: =IF(客服部门消费监控!AI94="","",客服部门消费监控!AI94) | D93: =IF(客服部门消费监控!AI94="","",客服部门消费监控!AJ94) | E93: =IF(客服部门消费监控!AI94="","",客服部门消费监控!AK94) | F93: =IF(客服部门消费监控!AI94="","",客服部门消费监控!AC94)

Sheet 消费任务拆解
A1: Feed总消费 | B1: 4月完成 | C1: 5月完成 | D1: 6月目标 | E1: 总完成 | F1: 完成率 | G1: 任务缺口
A2: 3294493 | B2: 173603.11 | C2: 655232.7 | D2: 1000000 | E2: =SUM(B2:D2) -> 1828835.8 | F2: =E2/A2 -> 0.55511905 | G2: =A2-E2 -> 1465657.2
A4: 责任区 | B4: 4月己消费 | C4: 5月当前总消费 | D4: 5月份目标 | E4: 5月剩余任务 | F4: 5月剩余天数 | G4: 5月剩余日均 | H4: 最高日消费 | I4: 现有客户数 | J4: 现有ARPU | K4: 考核方向 | L4: 指标设定
A5: 客服一区 | B5: 66725.29 | C5: 46560 | D5: 448486.1 | E5: 401926.1 | F5: 24 | G5: 16746.921 | H5: 8860.08 | I5: 11 | J5: =H5/I5 -> 805.46182 | K5: 户均提升 大户覆盖 | L5: 消费完成
A6: 大客户部 | B6: 58859.7 | C6: 20239.74 | D6: 194957.95 | E6: 174718.21 | F6: 24 | G6: 7279.9253 | H6: 4443.42 | I6: 13 | J6: =H6/I6 -> 341.80154
A7: 新开部门 | B7: 9397.08 | C7: 2834.31 | D7: 27301.302 | E7: 24466.992 | F7: 24 | G7: 1019.458 | H7: 394.23 | I7: 3 | J7: =H7/I7 -> 131.41 | K7: 新户教育
A8: 客服二区 | B8: 2057.35 | C8: 678.38 | D8: 6534.4501 | E8: 5856.0701 | F8: 24 | G8: 244.00292 | H8: 114.2 | I8: 1 | J8: =H8/I8 -> 114.2 | K8: 客户引入 大户保育 | L8: 10家
A9: 客服三区 | B9: 20497.29 | C9: 240.77 | D9: 4000 | E9: 3759.23 | F9: 24 | G9: 156.63458 | H9: 42.42 | I9: 1 | J9: =H9/I9 -> 42.42 | L9: 5家
A10: 泉州大区 | B10: 5174.29 | C10: 789.14 | D10: 7601.3384 | E10: 6812.1984 | F10: 24 | G10: 283.8416 | H10: 134.14 | I10: 2 | J10: =H10/I10 -> 67.07 | L10: 20家
A11: 漳龙大区 | B11: 2530.85 | C11: 226.42 | D11: 3000 | E11: 2773.58 | F11: 24 | G11: 115.56583 | H11: 50.61 | I11: 1 | J11: =H11/I11 -> 50.61 | L11: 5家
D12: =SUM(D5:D11) -> 691881.13 | E12: =SUM(E5:E11) -> 620312.37 | F12: 24 | G12: =SUM(G5:G11) -> 25846.349
A14: 责任区 | B14: 4月己消费 | C14: 5月己消费 | D14: 6月份目标 | E14: 6月份所需日均 | F14: 考核方向 | G14: 指标设定 | H14: 1，根据目前公司任务要求和进度影响，6月份任务有做调整。请注意。 2，5月9日后由销售方合作的feed新用户不计任务完成。 3，维护大区客户引入以上线消费为准，如暂不能上线的客户不计入任务完成。
A15: 客服一区 | B15: 66725.29 | C15: 379845.23 | D15: 580360.76 | E15: =D15/30 -> 19345.359 | F15: 户均提升 大户覆盖 | G15: 消费完成
A16: 大客户部 | B16: 58859.7 | C16: 167543.94 | D16: 255988.28 | E16: =D16/30 -> 8532.9428
A17: 新开部门 | B17: 9397.08 | C17: 54879.79 | D17: 83850.143 | E17: =D17/30 -> 2795.0048 | F17: 新户教育
A18: 客服二区 | B18: 2057.35 | C18: 15244.97 | D18: 23292.598 | E18: =D18/30 -> 776.41995 | F18: 客户引入 大户保育 | G18: 35家
A19: 客服三区 | B19: 20497.29 | C19: 4407.3 | D19: 6733.8584 | E19: =D19/30 -> 224.46195 | G19: 20家
A20: 泉州大区 | B20: 5174.29 | C20: 24425.13 | D20: 37318.85 | E20: =D20/30 -> 1243.9617 | G20: 35家
A21: 漳龙大区 | B21: 2530.85 | C21: 8152.11 | D21: 12455.507 | E21: =D21/30 -> 415.18355 | G21: 30家
D22: =SUM(D15:D21) -> 1000000 | E22: =D22/30 -> 33333.333

Sheet 客服部门消费监控
A1: 日期 | B1: 大客部门 | E1: 品牌部 | H1: 泉州中小企业增值部 | K1: 失效挽救部 | N1: 维护部门 | Q1: 新开部门 | T1: 行发维护大区 | W1: 医疗事业部 | Z1: 漳州客服部 | AC1: 框架 | AF1: 运营策略中心 | AI1: 企业总计
B2: feed竞价消费 | C2: feed竞价账户数 | D2: feed竞价户均 | E2: feed竞价消费 | F2: feed竞价账户数 | G2: feed竞价户均 | H2: feed竞价消费 | I2: feed竞价账户数 | J2: feed竞价户均 | K2: feed竞价消费 | L2: feed竞价账户数 | M2: feed竞价户均 | N2: feed竞价消费 | O2: feed竞价账户数 | P2: feed竞价户均 | Q2: feed竞价消费 | R2: feed竞价账户数 | S2: feed竞价户均 | T2: feed竞价消费 | U2: feed竞价账户数 | V2: feed竞价户均 | W2: feed竞价消费 | X2: feed竞价账户数 | Y2: feed竞价户均 | Z2: feed竞价消费 | AA2: feed竞价账户数 | AB2: feed竞价户均 | AC2: feed竞价消费 | AD2: feed竞价账户数 | AE2: feed竞价户均 | AF2: feed竞价消费 | AG2: feed竞价账户数 | AH2: feed竞价户均 | AI2: feed竞价总消费 | AJ2: 竞价账户数 | AK2: feed竞价户均
A3: 45108
A4: 45109
A5: 45110
A6: 45111
A7: 45112
A8: 45113
A9: 45114
A10: 45115
A11: 45116
A12: 45117
A13: 45118
A14: 45119
... A94: 45199

Sheet 分地区消费
A1: 日期 | B1: 厦门市 | E1: 泉州市 | H1: 漳州市 | K1: 龙岩市 | N1: 框架 | Q1: 其他市 | T1: 企业总计
B2: feed竞价消费 | C2: feed竞价账户数 | D2: feed竞价户均 | E2: feed竞价消费 | F2: feed竞价账户数 | G2: feed竞价户均 | H2: feed竞价消费 | I2: feed竞价账户数 | J2: feed竞价户均 | K2: feed竞价消费 | L2: feed竞价账户数 | M2: feed竞价户均 | N2: feed竞价消费 | O2: feed竞价账户数 | P2: feed竞价户均 | Q2: feed竞价消费 | R2: feed竞价账户数 | S2: feed竞价户均 | T2: 企业总消费 | U2: feed竞价账户数 | V2: feed竞价户均
A3: 45108
A4: 45109
A5: 45110
A6: 45111
A7: 45112
A8: 45113
A9: 45114
A10: 45115
A11: 45116
A12: 45117
A13: 45118
A14: 45119
... A94: 45199
