Workbook

Sheet 汇总表
A1: 签框产品 | B1: 返款形式 | C1: 签框客户数 | D1: 截止2023年08月15日消费达标返款客户
A2: 大搜 | B2: 年结 | C2: =COUNTA(大搜年框客户消费监控!B3:B19) | D2: =COUNTIF(大搜年框客户消费监控!G3:G19,">"&0)
B3: 即充即返 | C3: =COUNTA(大搜年框客户消费监控!B20:B32) | D3: =COUNTIF(大搜年框客户消费监控!G20:G32,">"&0)
A4: 信息流 | B4: 年结 | C4: =COUNTA(信息流年框客户消费监控!B3:B8) | D4: =COUNTIF(信息流年框客户消费监控!G3:G8,">"&0)
B5: 月结 | C5: =COUNTA(信息流年框客户消费监控!B9) | D5: =COUNTIF(信息流年框客户消费监控!G9,">"&0)
A6: 大搜+信息流 | B6: 月结 | C6: =COUNTA('大搜+信息流年框客户消费监控'!B30:B32) | D6: =COUNTIF('大搜+信息流年框客户消费监控'!G30:G32,">"&0)
B7: 年结 | C7: =COUNTA('大搜+信息流年框客户消费监控'!B3:B29) | D7: =COUNTIF('大搜+信息流年框客户消费监控'!G3:G29,">"&0)

Sheet 大搜年框客户消费监控
A1: 签约客户 | E1: 总消费完成进展 | H1: 日均消费进展 | N1: 合同到期剩余天数 | P1: 签约信息
A2: 返款形式 | B2: 客户公司名称 | C2: 框架金额 | D2: 返款点数 | E2: 截止08月15日已完成消费 | F2: 完成进度 | G2: 目前达标返款点数 | H2: 当前日均消费 | I2: 预计达标所需日均消费 | J2: 日均进度差值 | K2: 预计达标日均所需提升占比 | L2: 当前日均消费预计需完成天数 | M2: 当前日均消费预计完成时间 | N2: 距合同到期剩余天数 | O2: 合同到期日期 | P2: 签框产品线 | Q2: 返款对像 | R2: 结算方式 | S2: 是否已经签订合同 | T2: 合同时间 | U2: 备注 | V2: 部门 | W2: 维护客服 | X2: 签约客服
A3: 年结 | B3: 厦门快乐番薯股份有限公司 | C3: 1000000 | D3: 0.17 | E3: =大搜年框客户消费明细!$C$3 | F3: =$E$3/C3 | G3: =IF($E$3>=C4,D4,IF($E$3>=C3,D3,"未达标")) | H3: =大搜年框客户消费明细!B3 | I3: =IF($E$3>=C3,"已达标",(C3-$E$3)/$N$3) | J3: =IF($E$3>=C3,"已达标",$H$3-I3) | K3: =IF($E$3>=C3,"已达标",IF(J3<0,I3/$H$3-1,"当前日均已达标")) | L3: =(C3-$E$3)/$H$3 | M3: =TODAY()+L3 | N3: =IF(TODAY()>O3,"合同已到期",_xlfn.DAYS(O3+1,TODAY())) | O3: 45291 | P3: 大搜 | Q3: 客户 | R3: 年返 | S3: 是 | T3: 2023年1月1日~2023年12月31日 | U3: 仅大搜消费 | V3: KOL | W3: 邓玲玲 | X3: 蒋铃溪
C4: 1500000 | D4: 0.19 | F4: =$E$3/C4 | I4: =IF($E$3>=C4,"已达标",(C4-$E$3)/$N$3) | J4: =IF($E$3>=C4,"已达标",$H$3-I4) | K4: =IF($E$3>=C4,"已达标",IF(J4<0,I4/$H$3-1,"当前日均已达标")) | L4: =(C4-$E$3)/$H$3 | M4: =TODAY()+L4
B5: 厦门运友供应链管理有限公司 厦门迪超物流有限公司 厦门货运力科技有限公司 厦门货小运科技有限公司 厦门市湖里区万线帮货运代理服务部 | C5: 1000000 | D5: 0.18 | E5: =SUM(大搜年框客户消费明细!$C$4:$C$8) | F5: =$E$5/C5 | G5: =IF($E$5>=C6,D6,IF($E$5>=C5,D5,"未达标")) | H5: =SUM(大搜年框客户消费明细!B4:$B$8) | I5: =IF($E$5>=C5,"已达标",(C5-$E$5)/$N$5) | J5: =IF($E$5>=C5,"已达标",$H$5-I5) | K5: =IF($E$5>=C5,"已达标",IF(J5<0,I5/$H$5-1,"当前日均已达标")) | L5: =(C5-$E$5)/$H$5 | M5: =TODAY()+L5 | N5: =IF(TODAY()>O5,"合同已到期",_xlfn.DAYS(O5+1,TODAY())) | O5: 45260 | P5: 大搜 | Q5: 客户 | R5: 即充即返 | S5: 是 | T5: 2022年12月1日~2023年11月30日 | U5: 仅大搜消费 | V5: KOL | W5: 郑燕森 | X5: 蒋铃溪
C6: 2000000 | D6: 0.2 | F6: =$E$5/C6 | I6: =IF($E$5>=C6,"已达标",(C6-$E$5)/$N$5) | J6: =IF($E$5>=C6,"已达标",$H$5-I6) | K6: =IF($E$5>=C6,"已达标",IF(J6<0,I6/$H$5-1,"当前日均已达标")) | L6: =(C6-$E$5)/$H$5 | M6: =TODAY()+L6
B7: 厦门立马耀网络科技有限公司（含旗下所有子公司） 厦门蝉羽网络科技有限公司 厦门蝉客网络科技有限公司 | C7: 1500000 | D7: 0.11 | E7: =SUM(大搜年框客户消费明细!$C$16:$C$18) | F7: =$E$7/C7 | G7: =IF($E$7>=C9,D9,IF($E$7>=C8,D8,IF($E$7>=C7,D7,"未达标"))) | H7: =SUM(大搜年框客户消费明细!$B$16:$B$18) | I7: =IF($E$7>=C7,"已达标",(C7-$E$7)/$N$7) | J7: =IF($E$7>=C7,"已达标",$H$7-I7) | K7: =IF($E$7>=C7,"已达标",IF(J7<0,I7/$H$7-1,"当前日均已达标")) | L7: =(C7-$E$7)/$H$7 | M7: =TODAY()+L7 | N7: =IF(TODAY()>O7,"合同已到期",_xlfn.DAYS(O7+1,TODAY())) | O7: 45350 | P7: 大搜 | Q7: 客户 | R7: 年返 | S7: 是 | T7: 2023年3月1日~2024年2月28日 | U7: 仅大搜消费 | V7: 行业二部 | W7: 陈金锐 | X7: 陈巧云
C8: 1800000 | D8: 0.12 | F8: =$E$7/C8 | I8: =IF($E$7>=C8,"已达标",(C8-$E$7)/$N$7) | J8: =IF($E$7>=C8,"已达标",$H$7-I8) | K8: =IF($E$7>=C8,"已达标",IF(J8<0,I8/$H$7-1,"当前日均已达标")) | L8: =(C8-$E$7)/$H$7 | M8: =TODAY()+L8
C9: 2000000 | D9: 0.13 | F9: =$E$7/C9 | I9: =IF($E$7>=C9,"已达标",(C9-$E$7)/$N$7) | J9: =IF($E$7>=C9,"已达标",$H$7-I9) | K9: =IF($E$7>=C9,"已达标",IF(J9<0,I9/$H$7-1,"当前日均已达标")) | L9: =(C9-$E$7)/$H$7 | M9: =TODAY()+L9
B10: 厦门高定供应链管理有限公司 厦门创艺社科技有限公司 厦门创艺社管理咨询合伙企业（有限合伙） | C10: 1000000 | D10: 0.03 | E10: =SUM(大搜年框客户消费明细!$C$13:$C$15) | F10: =$E$10/C10 | G10: =IF($E$10>=C12,D12,IF($E$10>=C11,D11,IF($E$10>=C10,D10,"未达标"))) | H10: =SUM(大搜年框客户消费明细!$B$13:$B$15) | I10: =IF($E$10>=C10,"已达标",(C10-$E$10)/$N$10) | J10: =IF($E$10>=C10,"已达标",$H$10-I10) | K10: =IF($E$10>=C10,"已达标",IF(J10<0,I10/$H$10-1,"当前日均已达标")) | L10: =(C10-$E$10)/$H$10 | M10: =TODAY()+L10 | N10: =IF(TODAY()>O10,"合同已到期",_xlfn.DAYS(O10+1,TODAY())) | O10: 45291 | P10: 大搜 | Q10: 客户 | R10: 年返 | S10: 是 | T10: 2023年1月1日~2023年12月31日 | U10: 大搜PC | V10: KOL | W10: 郑燕森 | X10: 蒋铃溪
C11: 1200000 | D11: 0.05 | F11: =$E$10/C11 | I11: =IF($E$10>=C11,"已达标",(C11-$E$10)/$N$10) | J11: =IF($E$10>=C11,"已达标",$H$10-I11) | K11: =IF($E$10>=C11,"已达标",IF(J11<0,I11/$H$10-1,"当前日均已达标")) | L11: =(C11-$E$10)/$H$10 | M11: =TODAY()+L11
C12: 1400000 | D12: 0.08 | F12: =$E$10/C12 | I12: =IF($E$10>=C12,"已达标",(C12-$E$10)/$N$10) | J12: =IF($E$10>=C12,"已达标",$H$10-I12) | K12: =IF($E$10>=C12,"已达标",IF(J12<0,I12/$H$10-1,"当前日均已达标")) | L12: =(C12-$E$10)/$H$10 | M12: =TODAY()+L12
B13: 厦门零一世界科技有限公司 | C13: 1000000 | D13: 0.03 | E13: =大搜年框客户消费明细!$C$12 | F13: =$E$13/C13 | G13: =IF($E$13>=C14,D14,IF($E$13>=C13,D13,"未达标")) | H13: =大搜年框客户消费明细!$B$12 | I13: =IF($E$13>=C13,"已达标",(C13-$E$13)/$N$13) | J13: =IF($E$13>=C13,"已达标",$H$13-I13) | K13: =IF($E$13>=C13,"已达标",IF(J13<0,I13/$H$13-1,"当前日均已达标")) | L13: =(C13-$E$13)/$H$13 | M13: =TODAY()+L13 | N13: =IF(TODAY()>O13,"合同已到期",_xlfn.DAYS(O13+1,TODAY())) | O13: 45291 | P13: 大搜 | Q13: 客户 | R13: 年返 | S13: 是 | T13: 2023年1月1日~2023年12月31日 | U13: 框架金额2个档 | V13: 新开一部 | W13: 张唯唯 | X13: 张唯唯
C14: 1200000 | D14: 0.05 | F14: =$E$13/C14 | I14: =IF($E$13>=C14,"已达标",(C14-$E$13)/$N$13) | J14: =IF($E$13>=C14,"已达标",$H$13-I14) | K14: =IF($E$13>=C14,"已达标",IF(J14<0,I14/$H$13-1,"当前日均已达标")) | L14: =(C14-$E$13)/$H$13 | M14: =TODAY()+L14
B15: 厦门康强人才服务有限公司 | C15: 1200000 | D15: 0.05 | E15: =大搜年框客户消费明细!$C$19 | F15: =$E$15/C15 | G15: =IF($E$15>=C19,D19,IF($E$15>=C18,D18,IF($E$15>=C17,D17,IF($E$15>=C16,D16,IF($E$15>=C15,D15,"未达标"))))) | H15: =大搜年框客户消费明细!$B$19 | I15: =IF($E$15>=C15,"已达标",(C15-$E$15)/$N$15) | J15: =IF($E$15>=C15,"已达标",$H$15-I15) | K15: =IF($E$15>=C15,"已达标",IF(J15<0,I15/$H$15-1,"当前日均已达标")) | L15: =(C15-$E$15)/$H$15 | M15: =TODAY()+L15 | N15: =IF(TODAY()>O15,"合同已到期",_xlfn.DAYS(O15+1,TODAY())) | O15: 45291 | P15: 大搜 | Q15: 客户 | R15: 年返 | S15: 是 | T15: 2023年1月1日~2023年12月31日 | U15: 仅大搜消费 | V15: 行业二部 | W15: 张慧敏 | X15: 陈巧云
C16: 1500000 | D16: 0.07 | F16: =$E$15/C16 | I16: =IF($E$15>=C16,"已达标",(C16-$E$15)/$N$15) | J16: =IF($E$15>=C16,"已达标",$H$15-I16) | K16: =IF($E$15>=C16,"已达标",IF(J16<0,I16/$H$15-1,"当前日均已达标")) | L16: =(C16-$E$15)/$H$15 | M16: =TODAY()+L16
C17: 1800000 | D17: 0.08 | F17: =$E$15/C17 | I17: =IF($E$15>=C17,"已达标",(C17-$E$15)/$N$15) | J17: =IF($E$15>=C17,"已达标",$H$15-I17) | K17: =IF($E$15>=C17,"已达标",IF(J17<0,I17/$H$15-1,"当前日均已达标")) | L17: =(C17-$E$15)/$H$15 | M17: =TODAY()+L17
C18: 2000000 | D18: 0.09 | F18: =$E$15/C18 | I18: =IF($E$15>=C18,"已达标",(C18-$E$15)/$N$15) | J18: =IF($E$15>=C18,"已达标",$H$15-I18) | K18: =IF($E$15>=C18,"已达标",IF(J18<0,I18/$H$15-1,"当前日均已达标")) | L18: =(C18-$E$15)/$H$15 | M18: =TODAY()+L18
C19: 2500000 | D19: 0.11 | F19: =$E$15/C19 | I19: =IF($E$15>=C19,"已达标",(C19-$E$15)/$N$15) | J19: =IF($E$15>=C19,"已达标",$H$15-I19) | K19: =IF($E$15>=C19,"已达标",IF(J19<0,I19/$H$15-1,"当前日均已达标")) | L19: =(C19-$E$15)/$H$15 | M19: =TODAY()+L19
A20: 即充即返 | B20: 厦门雷霆网络科技股份有限公司 厦门雷霆互动网络有限公司 | C20: 1000000 | D20: 0.08 | E20: =SUM(大搜年框客户消费明细!$C$9:$C$10) | F20: =$E$20/C20 | G20: =IF($E$20>=C24,D24,IF($E$20>=C23,D23,IF($E$20>=C22,D22,IF($E$20>=C21,D21,IF($E$20>=C20,D20,"未达标"))))) | H20: =SUM(大搜年框客户消费明细!$B$9:$B$10) | I20: =IF($E$20>=C20,"已达标",(C20-$E$20)/$N$20) | J20: =IF($E$20>=C20,"已达标",$H$20-I20) | K20: =IF($E$20>=C20,"已达标",IF(J20<0,I20/$H$20-1,"当前日均已达标")) | L20: =(C20-$E$20)/$H$20 | M20: =TODAY()+L20 | N20: =IF(TODAY()>O20,"合同已到期",_xlfn.DAYS(O20+1,TODAY())) | O20: 45291 | P20: 大搜 | Q20: 客户 | R20: 即充即返 | S20: 是 | T20: 2023年1月1日~2023年12月31日 | U20: 仅大搜消费 | V20: KOL | W20: 尹林平 | X20: 蒋铃溪
C21: 2000000 | D21: 0.09 | F21: =$E$20/C21 | I21: =IF($E$20>=C21,"已达标",(C21-$E$20)/$N$20) | J21: =IF($E$20>=C21,"已达标",$H$20-I21) | K21: =IF($E$20>=C21,"已达标",IF(J21<0,I21/$H$20-1,"当前日均已达标")) | L21: =(C21-$E$20)/$H$20 | M21: =TODAY()+L21
C22: 3000000 | D22: 0.11 | F22: =$E$20/C22 | I22: =IF($E$20>=C22,"已达标",(C22-$E$20)/$N$20) | J22: =IF($E$20>=C22,"已达标",$H$20-I22) | K22: =IF($E$20>=C22,"已达标",IF(J22<0,I22/$H$20-1,"当前日均已达标")) | L22: =(C22-$E$20)/$H$20 | M22: =TODAY()+L22
C23: 4000000 | D23: 0.12 | F23: =$E$20/C23 | I23: =IF($E$20>=C23,"已达标",(C23-$E$20)/$N$20) | J23: =IF($E$20>=C23,"已达标",$H$20-I23) | K23: =IF($E$20>=C23,"已达标",IF(J23<0,I23/$H$20-1,"当前日均已达标")) | L23: =(C23-$E$20)/$H$20 | M23: =TODAY()+L23
C24: 5000000 | D24: 0.13 | F24: =$E$20/C24 | I24: =IF($E$20>=C24,"已达标",(C24-$E$20)/$N$20) | J24: =IF($E$20>=C24,"已达标",$H$20-I24) | K24: =IF($E$20>=C24,"已达标",IF(J24<0,I24/$H$20-1,"当前日均已达标")) | L24: =(C24-$E$20)/$H$20 | M24: =TODAY()+L24
B25: 稿定（厦门）科技有限公司 | C25: 3000000 | D25: 0.14 | E25: =大搜年框客户消费明细!$C$11 | F25: =$E$25/C25 | G25: =IF($E$25>=C32,D32,IF($E$25>=C31,D31,IF($E$25>=C30,D30,IF($E$25>=C29,D29,IF($E$25>=C28,D28,IF($E$25>=C27,D27,IF($E$25>=C26,D26,IF($E$25>=C25,D25,"未达标")))))))) | H25: =大搜年框客户消费明细!$B$11 | I25: =IF($E$25>=C25,"已达标",(C25-$E$25)/$N$25) | J25: =IF($E$25>=C25,"已达标",$H$25-I25) | K25: =IF($E$25>=C25,"已达标",IF(J25<0,I25/$H$25-1,"当前日均已达标")) | L25: =(C25-$E$25)/$H$25 | M25: =TODAY()+L25 | N25: =IF(TODAY()>O25,"合同已到期",_xlfn.DAYS(O25+1,TODAY())) | O25: 45138 | P25: 大搜 | Q25: 客户 | R25: 即冲击返 | S25: 是 | T25: 2022年8月1日~2023年7月31日 | U25: 仅大搜消费 | V25: KOL | W25: 郑燕森 | X25: 蒋铃溪
C26: 5000000 | D26: 0.16 | F26: =$E$25/C26 | I26: =IF($E$25>=C26,"已达标",(C26-$E$25)/$N$25) | J26: =IF($E$25>=C26,"已达标",$H$25-I26) | K26: =IF($E$25>=C26,"已达标",IF(J26<0,I26/$H$25-1,"当前日均已达标")) | L26: =(C26-$E$25)/$H$25 | M26: =TODAY()+L26
C27: 7000000 | D27: 0.18 | F27: =$E$25/C27 | I27: =IF($E$25>=C27,"已达标",(C27-$E$25)/$N$25) | J27: =IF($E$25>=C27,"已达标",$H$25-I27) | K27: =IF($E$25>=C27,"已达标",IF(J27<0,I27/$H$25-1,"当前日均已达标")) | L27: =(C27-$E$25)/$H$25 | M27: =TODAY()+L27
C28: 10000000 | D28: 0.21 | F28: =$E$25/C28 | I28: =IF($E$25>=C28,"已达标",(C28-$E$25)/$N$25) | J28: =IF($E$25>=C28,"已达标",$H$25-I28) | K28: =IF($E$25>=C28,"已达标",IF(J28<0,I28/$H$25-1,"当前日均已达标")) | L28: =(C28-$E$25)/$H$25 | M28: =TODAY()+L28
C29: 13000000 | D29: 0.22 | F29: =$E$25/C29 | I29: =IF($E$25>=C29,"已达标",(C29-$E$25)/$N$25) | J29: =IF($E$25>=C29,"已达标",$H$25-I29) | K29: =IF($E$25>=C29,"已达标",IF(J29<0,I29/$H$25-1,"当前日均已达标")) | L29: =(C29-$E$25)/$H$25 | M29: =TODAY()+L29
C30: 15000000 | D30: 0.24 | F30: =$E$25/C30 | I30: =IF($E$25>=C30,"已达标",(C30-$E$25)/$N$25) | J30: =IF($E$25>=C30,"已达标",$H$25-I30) | K30: =IF($E$25>=C30,"已达标",IF(J30<0,I30/$H$25-1,"当前日均已达标")) | L30: =(C30-$E$25)/$H$25 | M30: =TODAY()+L30
C31: 18000000 | D31: 0.25 | F31: =$E$25/C31 | I31: =IF($E$25>=C31,"已达标",(C31-$E$25)/$N$25) | J31: =IF($E$25>=C31,"已达标",$H$25-I31) | K31: =IF($E$25>=C31,"已达标",IF(J31<0,I31/$H$25-1,"当前日均已达标")) | L31: =(C31-$E$25)/$H$25 | M31: =TODAY()+L31
C32: 20000000 | D32: 0.26 | F32: =$E$25/C32 | I32: =IF($E$25>=C32,"已达标",(C32-$E$25)/$N$25) | J32: =IF($E$25>=C32,"已达标",$H$25-I32) | K32: =IF($E$25>=C32,"已达标",IF(J32<0,I32/$H$25-1,"当前日均已达标")) | L32: =(C32-$E$25)/$H$25 | M32: =TODAY()+L32

Sheet 信息流年框客户消费监控
A1: 签约客户信息 | E1: 总消费完成进展 | H1: 日均消费进展 | N1: 合同到期剩余天数 | P1: 签约信息
A2: 返款形式 | B2: 客户公司名称 | C2: 框架金额 | D2: 返款点数 | E2: 截止08月15日已完成消费 | F2: 完成进度 | G2: 目前完成达标返款点数 | H2: 当前日均消费 | I2: 预计达标所需日均消费 | J2: 日均进度差值 | K2: 预计达标日均所需提升占比 | L2: 当前日均消费预计需完成天数 | M2: 当前日均消费预计完成时间 | N2: 距合同到期剩余天数 | O2: 合同到期日期 | P2: 签框产品线 | Q2: 返款对像 | R2: 结算方式 | S2: 是否已经签订合同 | T2: 合同时间 | U2: 备注 | V2: 部门 | W2: 签约客服 | X2: 维护客服
A3: 年结 | B3: 厦门快乐番薯股份有限公司 | C3: 500000 | D3: 0.3 | E3: =信息流年框客户消费明细!$C$3 | F3: =$E$3/C3 | G3: =IF($E$3>=C4,D4,IF($E$3>=C3,D3,"未达标")) | H3: =信息流年框客户消费明细!$B$3 | I3: =IF($E$3>=C3,"已达标",(C3-$E$3)/$N$3) | J3: =IF($E$3>=C3,"已达标",$H$3-I3) | K3: =IF($E$3>=C3,"已达标",IF(J3<0,I3/$H$3-1,"当前日均已达标")) | L3: =(C3-$E$3)/$H$3 | M3: =L3+TODAY() | N3: =IF(TODAY()>O3,"合同已到期",_xlfn.DAYS(O3+1,TODAY())) | O3: 45291 | P3: 信息流 | Q3: 客户 | R3: 年返 | S3: 是 | T3: 2023年1月1日~2023年12月31日 | U3: 仅信息流消费 | V3: KOL | W3: 邓玲玲 | X3: 蒋铃溪
C4: 1000000 | D4: 0.36 | F4: =$E$3/C4 | I4: =IF($E$3>=C4,"已达标",(C4-$E$3)/$N$3) | J4: =IF($E$3>=C4,"已达标",$H$3-I4) | K4: =IF($E$3>=C4,"已达标",IF(J4<0,I4/$H$3-1,"当前日均已达标")) | L4: =(C4-$E$3)/$H$3 | M4: =L4+TODAY()
B5: 厦门康强人才服务有限公司 | C5: 1000000 | D5: 0.1 | E5: =信息流年框客户消费明细!$C$5 | F5: =$E$5/C5 | G5: =IF($E$5>=C8,D8,IF($E$5>=C7,D7,IF($E$5>=C6,D6,IF($E$5>=C5,D5,"未达标")))) | H5: =信息流年框客户消费明细!$B$5 | I5: =IF($E$5>=C5,"已达标",(C5-$E$5)/$N$5) | J5: =IF($E$5>=C5,"已达标",$H$5-I5) | K5: =IF($E$5>=C5,"已达标",IF(J5<0,I5/$H$5-1,"当前日均已达标")) | L5: =(C5-$E$5)/$H$5 | M5: =L5+TODAY() | N5: =IF(TODAY()>O5,"合同已到期",_xlfn.DAYS(O5+1,TODAY())) | O5: 45291 | P5: 信息流 | Q5: 客户 | R5: 年返 | S5: 是 | T5: 2023年1月1日~2023年12月31日 | U5: 仅信息流消费 | V5: 信息流vip | W5: 萧月梅 | X5: 王小丽
C6: 1200000 | D6: 0.12 | F6: =$E$5/C6 | I6: =IF($E$5>=C6,"已达标",(C6-$E$5)/$N$5) | J6: =IF($E$5>=C6,"已达标",$H$5-I6) | K6: =IF($E$5>=C6,"已达标",IF(J6<0,I6/$H$5-1,"当前日均已达标")) | L6: =(C6-$E$5)/$H$5 | M6: =L6+TODAY()
C7: 1500000 | D7: 0.15 | F7: =$E$5/C7 | I7: =IF($E$5>=C7,"已达标",(C7-$E$5)/$N$5) | J7: =IF($E$5>=C7,"已达标",$H$5-I7) | K7: =IF($E$5>=C7,"已达标",IF(J7<0,I7/$H$5-1,"当前日均已达标")) | L7: =(C7-$E$5)/$H$5 | M7: =L7+TODAY()
C8: 2000000 | D8: 0.17 | F8: =$E$5/C8 | I8: =IF($E$5>=C8,"已达标",(C8-$E$5)/$N$5) | J8: =IF($E$5>=C8,"已达标",$H$5-I8) | K8: =IF($E$5>=C8,"已达标",IF(J8<0,I8/$H$5-1,"当前日均已达标")) | L8: =(C8-$E$5)/$H$5 | M8: =L8+TODAY()
A9: 月返 | B9: 厦门无忧无虑网络科技有限公司 | C9: 1000000 | D9: 0.29 | E9: =信息流年框客户消费明细!$C$4 | F9: =$E$9/C9 | G9: =IF($E$9>C11,D11,IF($E$9>=C10,D10,IF($E$9>=C9,D9,"未达标"))) | H9: =信息流年框客户消费明细!$B$4 | I9: =IF($E$9>=C9,"已达标",(C9-$E$9)/$N$9) | J9: =IF($H$9>=C9,"已达标",$H$9-I9) | K9: =IF($E$9>=C9,"已达标",IF(J9<0,I9/$H$9-1,"当前日均已达标")) | L9: =(C9-$E$9)/$H$9 | M9: =L9+TODAY() | N9: =IF(TODAY()>O9,"合同已到期",_xlfn.DAYS(O9+1,TODAY())) | O9: 45291 | P9: 信息流 | Q9: 客户 | R9: 月返 | S9: 是 | T9: 2023年1月1日~2023年12月31日 | U9: 仅信息流消费 | V9: 房产旅游维护部 | W9: 许国忠 | X9: 郑色艳
C10: 1500000 | D10: 0.31 | F10: =$E$9/C10 | I10: =IF($E$9>=C10,"已达标",(C10-$E$9)/$N$9) | J10: =IF($H$9>=C10,"已达标",$H$9-I10) | K10: =IF($E$9>=C10,"已达标",IF(J10<0,I10/$H$9-1,"当前日均已达标")) | L10: =(C10-$E$9)/$H$9 | M10: =L10+TODAY()
C11: 2000000 | D11: 0.33 | F11: =$E$9/C11 | I11: =IF($E$9>=C11,"已达标",(C11-$E$9)/$N$9) | J11: =IF($H$9>=C11,"已达标",$H$9-I11) | K11: =IF($E$9>=C11,"已达标",IF(J11<0,I11/$H$9-1,"当前日均已达标")) | L11: =(C11-$E$9)/$H$9 | M11: =L11+TODAY()

Sheet 大搜+信息流年框客户消费监控
A1: 签约客户 | E1: 总消费完成进展 | H1: 日均消费进展 | N1: 合同到期剩余天数 | P1: 签约信息
A2: 返款形式 | B2: 客户公司名称 | C2: 框架金额 | D2: 返款点数 | E2: 截止08月15日已完成消费(大搜+信息流) | F2: 完成进度 | G2: 目前完成达标返款点数 | H2: 当前日均消费 (大搜+信息流) | I2: 预计达标所需日均消费 | J2: 日均进度差值 | K2: 预计达标日均所需提升占比 | L2: 当前日均消费预计需完成天数 | M2: 当前日均消费预计完成时间 | N2: 距合同到期剩余天数 | O2: 合同到期日期 | P2: 签框产品线 | Q2: 返款对像 | R2: 结算方式 | S2: 是否已经签订合同 | T2: 合同时间 | U2: 备注 | V2: 部门 | W2: 维护客服 | X2: 签约客服
A3: 年结 | B3: 福建朗盛管业科技有限公司 福建闽杰管业科技股份有限公司 | C3: 1500000 | D3: 0.16 | E3: =SUM('大搜+信息流年框客户消费明细'!$F$4:$F$5) | F3: =E3/C3 | G3: =IF(E3>=C4,D4,IF(E3>=C3,D3,"未达标")) | H3: ='大搜+信息流年框客户消费明细'!B4+'大搜+信息流年框客户消费明细'!B5+'大搜+信息流年框客户消费明细'!C4+'大搜+信息流年框客户消费明细'!C5 | I3: =(C3-E3)/N3 | J3: =H3-I3 | K3: =IF(J3<0,I3/H3-1,"当前日均可达标") | L3: =(C3-E3)/H3 | M3: =TODAY()+L3 | N3: =IF(TODAY()>O3,"合同已到期",DATE(2023,6,16)-TODAY()+1) | O3: 45093 | P3: 大搜+信息流合签 | Q3: 账户 | R3: 年结 | S3: 是 | T3: 2022年6月17日~2023年6月16日 | U3: 大搜+信息流 | V3: 漳州部门 | W3: 翁泉龙 | X3: 陈燕秀
C4: 3500000 | D4: 0.17 | F4: =E3/C4 | I4: =(C4-E3)/N3 | J4: =H3-I4 | K4: =IF(J4<0,I4/H3-1,"当前日均可达标") | L4: =(C4-E3)/H3 | M4: =TODAY()+L4
B5: 泉州市青果网络科技有限公司 | C5: 800000 | D5: 0.04 | E5: ='大搜+信息流年框客户消费明细'!$F$6 | F5: =$E$5/C5 | G5: =IF(E5>=C7,D7,IF(E5>=C6,D6,IF(E5>=C5,D5,"未达标"))) | H5: ='大搜+信息流年框客户消费明细'!B6+'大搜+信息流年框客户消费明细'!C6 | I5: =(C5-$E$5)/$N$5 | J5: =$H$5-I5 | K5: =IF(J5<0,I5/$H$5-1,"当前日均可达标") | L5: =(C5-$E$5)/$H$5 | M5: =TODAY()+L5 | N5: =IF(TODAY()>O5,"合同已到期",DATE(2023,10,31)-TODAY()+1) | O5: 45230 | P5: 大搜+信息流合签 | Q5: 账户 | R5: 年结 | S5: 是 | T5: 2022年11月1日~2023年10月31日 | U5: 大搜+信息流 | V5: 泉州增值团队 | W5: 谢龙辉 | X5: 谢龙辉
C6: 1100000 | D6: 0.05 | F6: =$E$5/C6 | I6: =(C6-$E$5)/$N$5 | J6: =$H$5-I6 | K6: =IF(J6<0,I6/$H$5-1,"当前日均可达标") | L6: =(C6-$E$5)/$H$5 | M6: =TODAY()+L6
C7: 1500000 | D7: 0.07 | F7: =$E$5/C7 | I7: =(C7-$E$5)/$N$5 | J7: =$H$5-I7 | K7: =IF(J7<0,I7/$H$5-1,"当前日均可达标") | L7: =(C7-$E$5)/$H$5 | M7: =TODAY()+L7
B8: 厦门快快网络科技有限公司 | C8: 1400000 | D8: 0.04 | E8: ='大搜+信息流年框客户消费明细'!$F$8 | F8: =$E$8/C8 | G8: =IF($E$8>=C11,D11,IF($E$8>=C10,D10,IF($E$8>=C9,D9,IF($E$8>=C8,D8,"未达标")))) | H8: ='大搜+信息流年框客户消费明细'!$B$8+'大搜+信息流年框客户消费明细'!$C$8 | I8: =IF($E$8>=C8,"已达标",(C8-$E$8)/$N$8) | J8: =IF($E$8>=C8,"已达标",$H$8-I8) | K8: =IF($E$8>=C8,"已达标",IF(J8<0,I8/$H$8-1,"当前日均可达标")) | L8: =(C8-$E$8)/$H$8 | M8: =TODAY()+L8 | N8: =IF(TODAY()>O8,"合同已到期",_xlfn.DAYS(O8+1,TODAY())) | O8: 45291 | P8: 大搜 | Q8: 客户 | R8: 年返 | S8: 是 | T8: 2023年1月1日~2023年12月31日 | U8: 大搜+信息流 | V8: KOL | W8: 尹林平 | X8: 蒋铃溪
C9: 1700000 | D9: 0.05 | F9: =$E$8/C9 | I9: =IF($E$8>=C9,"已达标",(C9-$E$8)/$N$8) | J9: =IF($E$8>=C9,"已达标",$H$8-I9) | K9: =IF($E$8>=C9,"已达标",IF(J9<0,I9/$H$8-1,"当前日均可达标")) | L9: =(C9-$E$8)/$H$8 | M9: =TODAY()+L9
C10: 2000000 | D10: 0.06 | F10: =$E$8/C10 | I10: =IF($E$8>=C10,"已达标",(C10-$E$8)/$N$8) | J10: =IF($E$8>=C10,"已达标",$H$8-I10) | K10: =IF($E$8>=C10,"已达标",IF(J10<0,I10/$H$8-1,"当前日均可达标")) | L10: =(C10-$E$8)/$H$8 | M10: =TODAY()+L10
C11: 2500000 | D11: 0.07 | F11: =$E$8/C11 | I11: =IF($E$8>=C11,"已达标",(C11-$E$8)/$N$8) | J11: =IF($E$8>=C11,"已达标",$H$8-I11) | K11: =IF($E$8>=C11,"已达标",IF(J11<0,I11/$H$8-1,"当前日均可达标")) | L11: =(C11-$E$8)/$H$8 | M11: =TODAY()+L11
B12: 厦门天锐科技股份有限公司 | C12: 1800000 | D12: 0.04 | E12: ='大搜+信息流年框客户消费明细'!$F$9 | F12: =$E$12/C12 | G12: =IF($E$12>=C15,D15,IF($E$8>=C14,D14,IF($E$8>=C13,D13,IF($E$8>=C12,D12,"未达标")))) | H12: ='大搜+信息流年框客户消费明细'!$B$9+'大搜+信息流年框客户消费明细'!$C$9 | I12: =IF($E$12>=C12,"已达标",(C12-$E$12)/$N$12) | J12: =IF($E$12>=C12,"已达标",$H$12-I12) | K12: =IF($E$12>=C12,"已达标",IF(J12<0,I12/$H$12-1,"当前日均可达标")) | L12: =(C12-$E$12)/$H$12 | M12: =TODAY()+L12 | N12: =IF(TODAY()>O12,"合同已到期",_xlfn.DAYS(O12+1,TODAY())) | O12: 45291 | P12: 大搜 | Q12: 客户 | R12: 年返 | S12: 是 | T12: 2023年1月1日~2023年12月31日 | U12: 大搜+信息流 | V12: KOL | W12: 尹林平 | X12: 蒋铃溪
C13: 2000000 | D13: 0.05 | F13: =$E$12/C13 | I13: =IF($E$12>=C13,"已达标",(C13-$E$12)/$N$12) | J13: =IF($E$12>=C13,"已达标",$H$12-I13) | K13: =IF($E$12>=C13,"已达标",IF(J13<0,I13/$H$12-1,"当前日均可达标")) | L13: =(C13-$E$12)/$H$12 | M13: =TODAY()+L13
C14: 2300000 | D14: 0.06 | F14: =$E$12/C14 | I14: =IF($E$12>=C14,"已达标",(C14-$E$12)/$N$12) | J14: =IF($E$12>=C14,"已达标",$H$12-I14) | K14: =IF($E$12>=C14,"已达标",IF(J14<0,I14/$H$12-1,"当前日均可达标")) | L14: =(C14-$E$12)/$H$12 | M14: =TODAY()+L14
C15: 2600000 | D15: 0.07 | F15: =$E$12/C15 | I15: =IF($E$12>=C15,"已达标",(C15-$E$12)/$N$12) | J15: =IF($E$12>=C15,"已达标",$H$12-I15) | K15: =IF($E$12>=C15,"已达标",IF(J15<0,I15/$H$12-1,"当前日均可达标")) | L15: =(C15-$E$12)/$H$12 | M15: =TODAY()+L15
B16: 厦门市盈拓商务有限公司 | C16: 1400000 | D16: 0.05 | E16: ='大搜+信息流年框客户消费明细'!$F$10 | F16: =$E$16/C16 | G16: =IF($E$16>=C17,D17,IF($E$16>=C16,D16,"未达标")) | H16: ='大搜+信息流年框客户消费明细'!$B$10+'大搜+信息流年框客户消费明细'!C10 | I16: =IF($E$16>=C16,"已达标",(C16-$E$16)/$N$16) | J16: =IF($E$16>=C16,"已达标",$H$16-I16) | K16: =IF($E$16>=C16,"已达标",IF(J16<0,I16/$H$16-1,"当前日均可达标")) | L16: =(C16-$E$16)/$H$16 | M16: =TODAY()+L16 | N16: =IF(TODAY()>O16,"合同已到期",_xlfn.DAYS(O16+1,TODAY())) | O16: 45291 | P16: 大搜 | Q16: 客户 | R16: 年返 | S16: 是 | T16: 2023年1月1日~2023年12月31日 | U16: 大搜+信息流 | V16: KOL | W16: 陈沅 | X16: 蒋铃溪
C17: 2000000 | D17: 0.06 | F17: =$E$16/C17 | I17: =IF($E$16>=C17,"已达标",(C17-$E$16)/$N$16) | J17: =IF($E$16>=C17,"已达标",$H$16-I17) | K17: =IF($E$16>=C17,"已达标",IF(J17<0,I17/$H$16-1,"当前日均可达标")) | L17: =(C17-$E$16)/$H$16 | M17: =TODAY()+L17
B18: 舒华体育股份有限公司 | C18: 1050000 | D18: 0.04 | E18: ='大搜+信息流年框客户消费明细'!$F$11 | F18: =$E$18/C18 | G18: =IF($E$18>=C18,D18,"未达标") | H18: =SUM('大搜+信息流年框客户消费明细'!B11:C11) | I18: =IF($E$18>=C18,"已达标",(C18-$E$18)/$N$18) | J18: =IF($E$18>=C18,"已达标",$H$18-I18) | K18: =IF($E$18>=C18,"已达标",IF(J18<0,I18/$H$18-1,"当前日均可达标")) | L18: =(C18-$E$18)/$H$18 | M18: =TODAY()+L18 | N18: =IF(TODAY()>O18,"合同已到期",_xlfn.DAYS(O18+1,TODAY())) | O18: 45291 | P18: 大搜+信息流 | Q18: 现金 | R18: 年结 | S18: 否 | T18: 2023年1月1日~2023年12月31日 | V18: 泉州增值团队 | W18: 谢龙辉 | X18: 谢龙辉
B19: 泉州市康掌柜网络科技有限公司 福建迈格林医疗科技有限公司 | C19: 1600000 | D19: 0.05 | E19: ='大搜+信息流年框客户消费明细'!F12+'大搜+信息流年框客户消费明细'!F13 | F19: =$E$19/C19 | G19: =IF(E19>=C21,D21,IF(E19>=C20,D20,IF(E19>=C19,D19,"未达标"))) | H19: =SUM('大搜+信息流年框客户消费明细'!B12:C13) | I19: =IF($E$19>=C19,"已达标",(C19-$E$19)/$N$19) | J19: =IF($E$19>=C19,"已达标",$H$19-I19) | K19: =IF($E$19>=C19,"已达标",IF(J19<0,I19/$H$19-1,"当前日均可达标")) | L19: =(C19-$E$19)/$H$19 | M19: =TODAY()+L19 | N19: =IF(TODAY()>O19,"合同已到期",_xlfn.DAYS(O19+1,TODAY())) | O19: 45291 | P19: 大搜+信息流 | Q19: 账户 | R19: 年结 | S19: 是 | T19: 2023年1月1日~2023年12月31日 | V19: 泉州增值团队 | W19: 许珊珊 | X19: 许珊珊
C20: 1750000 | D20: 0.06 | F20: =$E$19/C20 | I20: =IF($E$19>=C20,"已达标",(C20-$E$19)/$N$19) | J20: =IF($E$19>=C20,"已达标",$H$19-I20) | K20: =IF($E$19>=C20,"已达标",IF(J20<0,I20/$H$19-1,"当前日均可达标")) | L20: =(C20-$E$19)/$H$19 | M20: =TODAY()+L20
C21: 1900000 | D21: 0.07 | F21: =$E$19/C21 | I21: =IF($E$19>=C21,"已达标",(C21-$E$19)/$N$19) | J21: =IF($E$19>=C21,"已达标",$H$19-I21) | K21: =IF($E$19>=C21,"已达标",IF(J21<0,I21/$H$19-1,"当前日均可达标")) | L21: =(C21-$E$19)/$H$19 | M21: =TODAY()+L21
B22: 福建华雄投资有限公司 泉州市丰泽区维美美容美发职业培训学校 | C22: 1000000 | D22: 0.05 | E22: ='大搜+信息流年框客户消费明细'!F14+'大搜+信息流年框客户消费明细'!F15 | F22: =$E$22/C22 | G22: =IF(E22>=C24,D24,IF(E22>=C23,D23,IF(E22>=C22,D22,"未达标"))) | H22: =SUM('大搜+信息流年框客户消费明细'!B14:C15) | I22: =IF($E$22>=C22,"已达标",(C22-$E$22)/$N$22) | J22: =IF($E$22>=C22,"已达标",$H$22-I22) | K22: =IF($E$22>=C22,"已达标",IF(J22<0,I22/$H$22-1,"当前日均可达标")) | L22: =(C22-$E$22)/$H$22 | M22: =TODAY()+L22 | N22: =IF(TODAY()>O22,"合同已到期",_xlfn.DAYS(O22+1,TODAY())) | O22: 45291 | P22: 大搜+信息流 | Q22: 账户 | R22: 年结 | S22: 是 | T22: 2022年1月1日~2023年12月31日 | V22: 泉州增值团队 | W22: 许珊珊 | X22: 许珊珊
C23: 1500000 | D23: 0.06 | F23: =$E$22/C23 | I23: =IF($E$22>=C23,"已达标",(C23-$E$22)/$N$22) | J23: =IF($E$22>=C23,"已达标",$H$22-I23) | K23: =IF($E$22>=C23,"已达标",IF(J23<0,I23/$H$22-1,"当前日均可达标")) | L23: =(C23-$E$22)/$H$22 | M23: =TODAY()+L23
C24: 2000000 | D24: 0.07 | F24: =$E$22/C24 | I24: =IF($E$22>=C24,"已达标",(C24-$E$22)/$N$22) | J24: =IF($E$22>=C24,"已达标",$H$22-I24) | K24: =IF($E$22>=C24,"已达标",IF(J24<0,I24/$H$22-1,"当前日均可达标")) | L24: =(C24-$E$22)/$H$22 | M24: =TODAY()+L24
B25: 福建惠兴涂料科技发展有限公司 福建惠安县惠兴工贸有限公司 | C25: 1000000 | D25: 0.05 | E25: ='大搜+信息流年框客户消费明细'!F16+'大搜+信息流年框客户消费明细'!F17 | F25: =$E$25/C25 | G25: =IF($E$25>=C25,D25,"未达标") | H25: =SUM('大搜+信息流年框客户消费明细'!B16:C17) | I25: =IF($E$25>=C25,"已达标",(C25-$E$25)/$N$25) | J25: =IF($E$25>=C25,"已达标",$H$25-I25) | K25: =IF($E$25>=C25,"已达标",IF(J25<0,I25/$H$25-1,"当前日均可达标")) | L25: =(C25-$E$25)/$H$25 | M25: =TODAY()+L25 | N25: =IF(TODAY()>O25,"合同已到期",_xlfn.DAYS(O25+1,TODAY())) | O25: 45351 | P25: 大搜+信息流 | Q25: 账户 | R25: 年结 | S25: 是 | T25: 2023年3月1日~2024年2月29日 | V25: 泉州增值团队 | W25: 许珊珊 | X25: 许珊珊
B26: 福建南方路面机械股份有限公司 | C26: 2500000 | D26: 0.03 | E26: ='大搜+信息流年框客户消费明细'!F18 | F26: =$E$26/C26 | G26: =IF($E$26>=C29,D29,IF($E$26>=C28,D28,IF($E$26>=C27,D27,IF($E$26>=C26,D26,"未达标")))) | H26: =SUM('大搜+信息流年框客户消费明细'!B18:C18) | I26: =IF($E$26>=C26,"已达标",(C26-$E$26)/$N$26) | J26: =IF($E$26>=C26,"已达标",$H$26-I26) | K26: =IF($E$26>=C26,"已达标",IF(J26<0,I26/$H$26-1,"当前日均可达标")) | L26: =(C26-$E$26)/$H$26 | M26: =TODAY()+L26 | N26: =IF(TODAY()>O26,"合同已到期",_xlfn.DAYS(O26+1,TODAY())) | O26: 45291 | P26: 大搜+信息流 | Q26: 账户 | R26: 年结 | S26: 是 | T26: 2023年1月1日~2023年12月31日 | V26: 泉州增值团队 | W26: 许珊珊 | X26: 许珊珊
C27: 2910000 | D27: 0.04 | F27: =$E$26/C27 | I27: =IF($E$26>=C27,"已达标",(C27-$E$26)/$N$26) | J27: =IF($E$26>=C27,"已达标",$H$26-I27) | K27: =IF($E$26>=C27,"已达标",IF(J27<0,I27/$H$26-1,"当前日均可达标")) | L27: =(C27-$E$26)/$H$26 | M27: =TODAY()+L27
C28: 3310000 | D28: 0.05 | F28: =$E$26/C28 | I28: =IF($E$26>=C28,"已达标",(C28-$E$26)/$N$26) | J28: =IF($E$26>=C28,"已达标",$H$26-I28) | K28: =IF($E$26>=C28,"已达标",IF(J28<0,I28/$H$26-1,"当前日均可达标")) | L28: =(C28-$E$26)/$H$26 | M28: =TODAY()+L28
C29: 4010000 | D29: 0.06 | F29: =$E$26/C29 | I29: =IF($E$26>=C29,"已达标",(C29-$E$26)/$N$26) | J29: =IF($E$26>=C29,"已达标",$H$26-I29) | K29: =IF($E$26>=C29,"已达标",IF(J29<0,I29/$H$26-1,"当前日均可达标")) | L29: =(C29-$E$26)/$H$26 | M29: =TODAY()+L29
A30: 月结 | B30: 厦门房在线科技有限公司 | C30: 700000 | D30: 0.17 | E30: ='大搜+信息流年框客户消费明细'!$F$7 | F30: =$E$30/C30 | G30: =IF($E$30>=C32,D32,IF($E$30>=C31,D31,IF($E$30>=C30,D30,"未达标"))) | H30: ='大搜+信息流年框客户消费明细'!$B$7+'大搜+信息流年框客户消费明细'!$C$7 | I30: =IF(E30>=C30,"已达标",(C30-$E$30)/$N$5) | J30: =IF(E30>=C30,"已达标",$H$30-I30) | K30: =IF(E30>=C30,"已达标",IF(J30<0,I30/$H$30-1,"当前日均可达标")) | L30: =(C30-$E$30)/$H$30 | M30: =TODAY()+L30 | N30: =IF(TODAY()>O30,"合同已到期",DATE(2023,10,9)-TODAY()+1) | O30: 45208 | P30: 大搜+信息流合签 | Q30: 客户 | R30: 月返 | S30: 是 | T30: 2022年10月10日~2023年10月9日 | U30: 大搜+信息流 | V30: KOL | W30: 陈沅 | X30: 蒋铃溪
C31: 800000 | D31: 0.18 | F31: =$E$30/C31 | I31: =IF(E31>=C31,"已达标",(C31-$E$30)/$N$5) | J31: =IF(E31>=C31,"已达标",$H$30-I31) | K31: =IF(E31>=C31,"已达标",IF(J31<0,I31/$H$30-1,"当前日均可达标")) | L31: =(C31-$E$30)/$H$30 | M31: =TODAY()+L31
C32: 1000000 | D32: 0.2 | F32: =$E$30/C32 | I32: =IF(E32>=C32,"已达标",(C32-$E$30)/$N$5) | J32: =IF(E32>=C32,"已达标",$H$30-I32) | K32: =IF(E32>=C32,"已达标",IF(J32<0,I32/$H$30-1,"当前日均可达标")) | L32: =(C32-$E$30)/$H$30 | M32: =TODAY()+L32

Sheet 大搜年框客户消费明细
A1: 客户名称 | B1: 资质下所有账户大搜消费合计
B2: 大搜近七天日均 | C2: 2023年截至08月15日消费
A3: 厦门快乐番薯股份有限公司 | B3: 4121.5243 | C3: 1186527.2 | E3: 总消费从2023年1月1日起算
A4: 厦门运友供应链管理有限公司 | B4: 2874.6514 | C4: 530101.1 | D4: 同一家 | E4: 总消费从2022年12月1日起算
A5: 厦门迪超物流有限公司 | B5: 670.79 | C5: 206638.81
A6: 厦门货运力科技有限公司 | B6: 600.55143 | C6: 173837.82
A7: 厦门货小运科技有限公司 | B7: 480.86714 | C7: 73523.11
A8: 厦门市湖里区万线帮货运代理服务部 | B8: 0 | C8: 0
A9: 厦门雷霆网络科技股份有限公司 | B9: 16264.349 | C9: 3758171.4 | D9: 同一家 | E9: 总消费从2023年1月1日起算
A10: 厦门雷霆互动网络有限公司 | B10: 0 | C10: 0
A11: 稿定（厦门）科技有限公司 | B11: 21149.844 | C11: 8042745.1 | E11: 总消费从2022年8月1日起算
A12: 厦门零一世界科技有限公司 | B12: 1145.3471 | C12: 431691.6 | E12: 总消费从2023年1月1日起算
A13: 厦门高定供应链管理有限公司 | B13: 529.01429 | C13: 137367.38 | D13: 同一家 | E13: 总消费从2023年1月1日起算
A14: 厦门创艺社科技有限公司 | B14: 2255.1243 | C14: 524382.54
A15: 厦门创艺社管理咨询合伙企业（有限合伙） | B15: 248.3 | C15: 64915.07
A16: 厦门立马耀网络科技有限公司 | B16: 0 | C16: 0 | D16: 同一家 | E16: 总消费从2023年3月1日起算
A17: 厦门蝉羽网络科技有限公司 | B17: 7841.1586 | C17: 1221171
A18: 厦门蝉客网络科技有限公司 | B18: 0 | C18: 0
A19: 厦门康强人才服务有限公司 | B19: 7960.9971 | C19: 1625637.6 | E19: 总消费从2023年1月1日起算

Sheet 信息流年框客户消费明细
A1: 客户名称 | B1: 资质下所有账户信息消费合计
B2: 信息流日均消费 | C2: 2023年截至08月15日消费
A3: 厦门快乐番薯股份有限公司 | B3: 1052.2143 | C3: 735021.36 | D3: 总消费从2023年1月1日起算
A4: 厦门无忧无虑网络科技有限公司 | B4: 3134.9743 | C4: 633080.42 | D4: 总消费从2023年1月1日起算
A5: 厦门康强人才服务有限公司 | B5: 4797.1314 | C5: 1081113.1 | D5: 总消费从2023年1月1日起算

Sheet 大搜+信息流年框客户消费明细
A1: 客户名称 | B1: 资质下所有账户大搜消费合计
B2: 日均消费 | D2: 2023年截至08月15日消费
B3: 大搜 | C3: 信息流 | D3: 大搜 | E3: 信息流 | F3: 大搜+信息流
A4: 福建朗盛管业科技有限公司 | B4: 0 | C4: 0 | D4: 354602.18 | E4: 17000 | F4: 373254.94 | G4: 同一家 | H4: 总消费从2022年6月17日起算
A5: 福建闽杰管业科技股份有限公司 | B5: 1126.0814 | C5: 0 | D5: 643954.38 | E5: 691.39 | F5: 647497.38
A6: 泉州市青果网络科技有限公司 | B6: 3080.2129 | C6: 0 | D6: 684757.16 | E6: 0 | F6: 690474.03 | H6: 总消费从2022年11月1日起算
A7: 厦门房在线科技有限公司 | B7: 1067.57 | C7: 0 | D7: 376304.44 | E7: 271.63 | F7: 377618.59 | H7: 总消费从2022年10月10日起算
A8: 厦门快快网络科技有限公司 | B8: 2502.5657 | C8: 0.03 | D8: 1010386 | E8: 27.71 | F8: 1010413.7 | H8: 总消费从2023年1月1日起算
A9: 厦门天锐科技股份有限公司 | B9: 4251.2543 | C9: 37.975714 | D9: 1167961.1 | E9: 2611.01 | F9: 1170572.1 | H9: 总消费从2023年1月1日起算
A10: 厦门市盈拓商务有限公司 | B10: 3302.3757 | C10: 0 | D10: 703435.37 | E10: 0 | F10: 703435.37 | H10: 总消费从2023年1月1日起算
A11: 舒华体育股份有限公司 | B11: 1654.1371 | C11: 0 | D11: 399784.33 | E11: 0 | F11: 399784.33 | H11: 总消费从2023年1月1日起算
A12: 泉州市康掌柜网络科技有限公司 | B12: 3339.2314 | C12: 0 | D12: 718303.63 | E12: 6841.6 | F12: 734963.84 | G12: 同一家 | H12: 总消费从2023年1月1日起算
A13: 福建迈格林医疗科技有限公司 | B13: 590.15429 | C13: 0 | D13: 86181.48 | E13: 0 | F13: 86181.48
A14: 福建华雄投资有限公司 | B14: 0 | C14: 0 | D14: 124016.39 | E14: 0 | F14: 124016.39 | G14: 同一家 | H14: 总消费从2023年1月1日起算
A15: 泉州市丰泽区维美美容美发职业培训学校 | B15: 0 | C15: 0 | D15: 0 | E15: 0 | F15: 0
A16: 福建惠兴涂料科技发展有限公司 | B16: 0 | C16: 0 | D16: 168085.86 | E16: 19000 | F16: 187085.86 | G16: 同一家 | H16: 总消费从2023年3月1日起算
A17: 福建惠安县惠兴工贸有限公司 | B17: 310.28571 | C17: 0 | D17: 80707.07 | E17: 0 | F17: 80707.07
A18: 福建南方路面机械股份有限公司 | B18: 6412.5071 | C18: 2974.4429 | D18: 1210806.2 | E18: 549728.51 | F18: 1760534.7 | H18: 总消费从2023年1月1日起算
