Workbook

Sheet 汇总表
A1: 签框产品 | B1: 返款形式 | C1: 签框客户数 | D1: 截止2023年01月11日消费达标返款客户
A2: 大搜 | B2: 年结 | C2: 2 | D2: 0
B3: 即充即返+年结 | C3: 2 | D3: 0
B4: 月结 | C4: 0 | D4: 0
B5: 季结 | C5: 0 | D5: 0
A6: 信息流 | B6: 年结 | C6: 1 | D6: 0
B7: 即充即返+年结 | C7: 0 | D7: 0
B8: 月结 | C8: 0 | D8: 0
A9: 大搜+信息流 | B9: 月结 | C9: 1 | D9: 0
B10: 年结 | C10: 2 | D10: 0

Sheet 大搜年框客户消费监控
A1: 签约客户 | E1: 总消费完成进展 | H1: 日均消费进展 | N1: 合同到期剩余天数 | P1: 签约信息
A2: 返款形式 | B2: 客户公司名称 | C2: 框架金额 | D2: 返款点数 | E2: 截止01月11日已完成消费 | F2: 完成进度 | G2: 目前达标返款点数 | H2: 当前日均消费 | I2: 预计达标所需日均消费 | J2: 日均进度差值 | K2: 预计达标日均所需提升占比 | L2: 当前日均消费预计需完成天数 | M2: 当前日均消费预计完成时间 | N2: 距合同到期剩余天数 | O2: 合同到期日期 | P2: 签框产品线 | Q2: 返款对像 | R2: 结算方式 | S2: 是否已经签订合同 | T2: 合同时间 | U2: 备注 | V2: 部门 | W2: 维护客服 | X2: 签约客服
A3: 年返 | B3: 厦门快乐番薯股份有限公司 | C3: 1000000 | D3: 0.17 | E3: =大搜年框客户消费明细!$C$3 -> 0 | F3: =$E$3/C3 -> 0 | G3: =IF($E$3>=C4,D4,IF($E$3>=C3,D3,"未达标")) -> 未达标 | H3: =大搜年框客户消费明细!B3 -> 0 | I3: =IF($E$3>=C3,"已达标",(C3-$E$3)/$N$3) -> 2840.9091 | J3: =IF($E$3>=C3,"已达标",$H$3-I3) -> -2840.9091 | K3: =IF($E$3>=C3,"已达标",IF(J3<0,I3/$H$3-1,"当前日均已达标")) -> #DIV/0! | L3: =(C3-$E$3)/$H$3 -> #DIV/0! | M3: =TODAY()+L3 -> #DIV/0! | N3: =_xlfn.DAYS(O3+1,TODAY()) -> 352 | O3: 45291 | P3: 大搜 | Q3: 客户 | R3: 年返 | S3: 是 | T3: 2023年1月1日~2023年12月31日 | U3: 仅大搜消费 | V3: KOL | W3: 邓玲玲 | X3: 蒋铃溪
C4: 1500000 | D4: 0.19 | F4: =$E$3/C4 -> 0 | I4: =IF($E$3>=C4,"已达标",(C4-$E$3)/$N$3) -> 4261.3636 | J4: =IF($E$3>=C4,"已达标",$H$3-I4) -> -4261.3636 | K4: =IF($E$3>=C4,"已达标",IF(J4<0,I4/$H$3-1,"当前日均已达标")) -> #DIV/0! | L4: =(C4-$E$3)/$H$3 -> #DIV/0! | M4: =TODAY()+L4 -> #DIV/0!
B5: 厦门运友供应链管理有限公司 厦门迪超物流有限公司 厦门货运力科技有限公司 厦门货小运科技有限公司 厦门市湖里区万线帮货运代理服务部 | C5: 1000000 | D5: 0.18 | E5: =SUM(大搜年框客户消费明细!$C$4:$C$8) -> 0 | F5: =$E$5/C5 -> 0 | G5: =IF($E$5>=C6,D6,IF($E$5>=C5,D5,"未达标")) -> 未达标 | H5: =SUM(大搜年框客户消费明细!B4:$B$8) -> 0 | I5: =IF($E$5>=C5,"已达标",(C5-$E$5)/$N$5) -> 3115.2648 | J5: =IF($E$5>=C5,"已达标",$H$5-I5) -> -3115.2648 | K5: =IF($E$5>=C5,"已达标",IF(J5<0,I5/$H$5-1,"当前日均已达标")) -> #DIV/0! | L5: =(C5-$E$5)/$H$5 -> #DIV/0! | M5: =TODAY()+L5 -> #DIV/0! | N5: =_xlfn.DAYS(O5+1,TODAY()) -> 321 | O5: 45260 | P5: 大搜 | Q5: 客户 | R5: 即充即返 | S5: 是 | T5: 2022年12月1日~2023年11月30日 | U5: 仅大搜消费 | V5: KOL | W5: 郑燕森 | X5: 蒋铃溪
C6: 2000000 | D6: 0.2 | F6: =$E$5/C6 -> 0 | I6: =IF($E$5>=C6,"已达标",(C6-$E$5)/$N$5) -> 6230.5296 | J6: =IF($E$5>=C6,"已达标",$H$5-I6) -> -6230.5296 | K6: =IF($E$5>=C6,"已达标",IF(J6<0,I6/$H$5-1,"当前日均已达标")) -> #DIV/0! | L6: =(C6-$E$5)/$H$5 -> #DIV/0! | M6: =TODAY()+L6 -> #DIV/0!
A10: 即充即返 | B10: 厦门雷霆网络科技股份有限公司 厦门雷霆互动网络有限公司 | C10: 1000000 | D10: 0.08 | E10: =SUM(大搜年框客户消费明细!$C$9:$C$10) -> 0 | F10: =$E$10/C10 -> 0 | G10: =IF($E$10>=C14,D14,IF($E$10>=C13,D13,IF($E$10>=C12,D12,IF($E$10>=C11,D11,IF($E$10>=C10,D10,"未达标"))))) -> 未达标 | H10: =SUM(大搜年框客户消费明细!$B$9:$B$10) -> 0 | I10: =IF($E$10>=C10,"已达标",(C10-$E$10)/$N$10) -> 2840.9091 | J10: =IF($E$10>=C10,"已达标",$H$10-I10) -> -2840.9091 | K10: =IF($E$10>=C10,"已达标",IF(J10<0,I10/$H$10-1,"当前日均已达标")) -> #DIV/0! | L10: =(C10-$E$10)/$H$10 -> #DIV/0! | M10: =TODAY()+L10 -> #DIV/0! | N10: =_xlfn.DAYS(O10+1,TODAY()) -> 352 | O10: 45291 | P10: 大搜 | Q10: 客户 | R10: 即充即返 | S10: 是 | T10: 2023年1月1日~2023年12月31日 | U10: 仅大搜消费 | V10: KOL | W10: 尹林平 | X10: 蒋铃溪
C11: 2000000 | D11: 0.09 | F11: =$E$10/C11 -> 0 | I11: =IF($E$10>=C11,"已达标",(C11-$E$10)/$N$10) -> 5681.8182 | J11: =IF($E$10>=C11,"已达标",$H$10-I11) -> -5681.8182 | K11: =IF($E$10>=C11,"已达标",IF(J11<0,I11/$H$10-1,"当前日均已达标")) -> #DIV/0! | L11: =(C11-$E$10)/$H$10 -> #DIV/0! | M11: =TODAY()+L11 -> #DIV/0!
C12: 3000000 | D12: 0.11 | F12: =$E$10/C12 -> 0 | I12: =IF($E$10>=C12,"已达标",(C12-$E$10)/$N$10) -> 8522.7273 | J12: =IF($E$10>=C12,"已达标",$H$10-I12) -> -8522.7273 | K12: =IF($E$10>=C12,"已达标",IF(J12<0,I12/$H$10-1,"当前日均已达标")) -> #DIV/0! | L12: =(C12-$E$10)/$H$10 -> #DIV/0! | M12: =TODAY()+L12 -> #DIV/0!
C13: 4000000 | D13: 0.12 | F13: =$E$10/C13 -> 0 | I13: =IF($E$10>=C13,"已达标",(C13-$E$10)/$N$10) -> 11363.636 | J13: =IF($E$10>=C13,"已达标",$H$10-I13) -> -11363.636 | K13: =IF($E$10>=C13,"已达标",IF(J13<0,I13/$H$10-1,"当前日均已达标")) -> #DIV/0! | L13: =(C13-$E$10)/$H$10 -> #DIV/0! | M13: =TODAY()+L13 -> #DIV/0!
C14: 5000000 | D14: 0.13 | F14: =$E$10/C14 -> 0 | I14: =IF($E$10>=C14,"已达标",(C14-$E$10)/$N$10) -> 14204.545 | J14: =IF($E$10>=C14,"已达标",$H$10-I14) -> -14204.545 | K14: =IF($E$10>=C14,"已达标",IF(J14<0,I14/$H$10-1,"当前日均已达标")) -> #DIV/0! | L14: =(C14-$E$10)/$H$10 -> #DIV/0! | M14: =TODAY()+L14 -> #DIV/0!
B15: 稿定（厦门）科技有限公司 | C15: 3000000 | D15: 0.14 | E15: =大搜年框客户消费明细!$C$11 -> 0 | F15: =$E$15/C15 -> 0 | G15: =IF($E$15>=C22,D22,IF($E$15>=C21,D21,IF($E$15>=C20,D20,IF($E$15>=C19,D19,IF($E$15>=C18,D18,IF($E$15>=C17,D17,IF($E$15>=C16,D16,IF($E$15>=C15,D15,"未达标")))))))) -> 未达标 | H15: =大搜年框客户消费明细!$B$11 -> 0 | I15: =IF($E$15>=C15,"已达标",(C15-$E$15)/$N$15) -> 15075.377 | J15: =IF($E$15>=C15,"已达标",$H$15-I15) -> -15075.377 | K15: =IF($E$15>=C15,"已达标",IF(J15<0,I15/$H$15-1,"当前日均已达标")) -> #DIV/0! | L15: =(C15-$E$15)/$H$15 -> #DIV/0! | M15: =TODAY()+L15 -> #DIV/0! | N15: =_xlfn.DAYS(O15+1,TODAY()) -> 199 | O15: 45138 | P15: 大搜 | Q15: 客户 | R15: 即冲击返 | S15: 是 | T15: 2022年8月1日~2023年7月31日 | U15: 仅大搜消费 | V15: KOL | W15: 郑燕森 | X15: 蒋铃溪
C16: 5000000 | D16: 0.16 | F16: =$E$15/C16 -> 0 | I16: =IF($E$15>=C16,"已达标",(C16-$E$15)/$N$15) -> 25125.628 | J16: =IF($E$15>=C16,"已达标",$H$15-I16) -> -25125.628 | K16: =IF($E$15>=C16,"已达标",IF(J16<0,I16/$H$15-1,"当前日均已达标")) -> #DIV/0! | L16: =(C16-$E$15)/$H$15 -> #DIV/0! | M16: =TODAY()+L16 -> #DIV/0!
C17: 7000000 | D17: 0.18 | F17: =$E$15/C17 -> 0 | I17: =IF($E$15>=C17,"已达标",(C17-$E$15)/$N$15) -> 35175.879 | J17: =IF($E$15>=C17,"已达标",$H$15-I17) -> -35175.879 | K17: =IF($E$15>=C17,"已达标",IF(J17<0,I17/$H$15-1,"当前日均已达标")) -> #DIV/0! | L17: =(C17-$E$15)/$H$15 -> #DIV/0! | M17: =TODAY()+L17 -> #DIV/0!
C18: 10000000 | D18: 0.21 | F18: =$E$15/C18 -> 0 | I18: =IF($E$15>=C18,"已达标",(C18-$E$15)/$N$15) -> 50251.256 | J18: =IF($E$15>=C18,"已达标",$H$15-I18) -> -50251.256 | K18: =IF($E$15>=C18,"已达标",IF(J18<0,I18/$H$15-1,"当前日均已达标")) -> #DIV/0! | L18: =(C18-$E$15)/$H$15 -> #DIV/0! | M18: =TODAY()+L18 -> #DIV/0!
C19: 13000000 | D19: 0.22 | F19: =$E$15/C19 -> 0 | I19: =IF($E$15>=C19,"已达标",(C19-$E$15)/$N$15) -> 65326.633 | J19: =IF($E$15>=C19,"已达标",$H$15-I19) -> -65326.633 | K19: =IF($E$15>=C19,"已达标",IF(J19<0,I19/$H$15-1,"当前日均已达标")) -> #DIV/0! | L19: =(C19-$E$15)/$H$15 -> #DIV/0! | M19: =TODAY()+L19 -> #DIV/0!
C20: 15000000 | D20: 0.24 | F20: =$E$15/C20 -> 0 | I20: =IF($E$15>=C20,"已达标",(C20-$E$15)/$N$15) -> 75376.884 | J20: =IF($E$15>=C20,"已达标",$H$15-I20) -> -75376.884 | K20: =IF($E$15>=C20,"已达标",IF(J20<0,I20/$H$15-1,"当前日均已达标")) -> #DIV/0! | L20: =(C20-$E$15)/$H$15 -> #DIV/0! | M20: =TODAY()+L20 -> #DIV/0!
C21: 18000000 | D21: 0.25 | F21: =$E$15/C21 -> 0 | I21: =IF($E$15>=C21,"已达标",(C21-$E$15)/$N$15) -> 90452.261 | J21: =IF($E$15>=C21,"已达标",$H$15-I21) -> -90452.261 | K21: =IF($E$15>=C21,"已达标",IF(J21<0,I21/$H$15-1,"当前日均已达标")) -> #DIV/0! | L21: =(C21-$E$15)/$H$15 -> #DIV/0! | M21: =TODAY()+L21 -> #DIV/0!
C22: 20000000 | D22: 0.26 | F22: =$E$15/C22 -> 0 | I22: =IF($E$15>=C22,"已达标",(C22-$E$15)/$N$15) -> 100502.51 | J22: =IF($E$15>=C22,"已达标",$H$15-I22) -> -100502.51 | K22: =IF($E$15>=C22,"已达标",IF(J22<0,I22/$H$15-1,"当前日均已达标")) -> #DIV/0! | L22: =(C22-$E$15)/$H$15 -> #DIV/0! | M22: =TODAY()+L22 -> #DIV/0!

Sheet 信息流年框客户消费监控
A1: 签约客户信息 | E1: 总消费完成进展 | H1: 日均消费进展 | N1: 合同到期剩余天数 | P1: 签约信息
A2: 返款形式 | B2: 客户公司名称 | C2: 框架金额 | D2: 返款点数 | E2: 截止01月11日已完成消费 | F2: 完成进度 | G2: 目前完成达标返款点数 | H2: 当前日均消费 | I2: 预计达标所需日均消费 | J2: 日均进度差值 | K2: 预计达标日均所需提升占比 | L2: 当前日均消费预计需完成天数 | M2: 当前日均消费预计完成时间 | N2: 距合同到期剩余天数 | O2: 合同到期日期 | P2: 签框产品线 | Q2: 返款对像 | R2: 结算方式 | S2: 是否已经签订合同 | T2: 合同时间 | U2: 备注 | V2: 部门 | W2: 签约客服 | X2: 维护客服
A3: 年返 | B3: 厦门快乐番薯股份有限公司 | C3: 500000 | D3: 0.3 | E3: =信息流年框客户消费明细!$C$3 -> 0 | F3: =$E$3/C3 -> 0 | G3: =IF($E$3>=C4,D4,IF($E$3>=C3,D3,"未达标")) -> 未达标 | H3: =信息流年框客户消费明细!$B$3 -> 0 | I3: =IF($E$3>=C3,"已达标",(C3-$E$3)/$N$3) -> 1420.4545 | J3: =IF($E$3>=C3,"已达标",$H$3-I3) -> -1420.4545 | K3: =IF($E$3>=C3,"已达标",IF(J3<0,I3/$H$3-1,"当前日均已达标")) -> #DIV/0! | L3: =(C3-$E$3)/$H$3 -> #DIV/0! | M3: =L3+TODAY() -> #DIV/0! | N3: =_xlfn.DAYS(O3+1,TODAY()) -> 352 | O3: 45291 | P3: 信息流 | Q3: 客户 | R3: 年返 | S3: 是 | T3: 2023年1月1日~2023年12月31日 | U3: 仅信息流消费 | V3: KOL | W3: 邓玲玲 | X3: 蒋铃溪
C4: 1000000 | D4: 0.36 | F4: =$E$3/C4 -> 0 | I4: =IF($E$3>=C4,"已达标",(C4-$E$3)/$N$3) -> 2840.9091 | J4: =IF($E$3>=C4,"已达标",$H$3-I4) -> -2840.9091 | K4: =IF($E$3>=C4,"已达标",IF(J4<0,I4/$H$3-1,"当前日均已达标")) -> #DIV/0! | L4: =(C4-$E$3)/$H$3 -> #DIV/0! | M4: =L4+TODAY() -> #DIV/0!

Sheet 大搜+信息流年框客户消费监控
A1: 签约客户 | E1: 总消费完成进展 | H1: 日均消费进展 | N1: 合同到期剩余天数 | P1: 签约信息
A2: 返款形式 | B2: 客户公司名称 | C2: 框架金额 | D2: 返款点数 | E2: 截止01月11日已完成消费(大搜+信息流) | F2: 完成进度 | G2: 目前完成达标返款点数 | H2: 当前日均消费 (大搜+信息流) | I2: 预计达标所需日均消费 | J2: 日均进度差值 | K2: 预计达标日均所需提升占比 | L2: 当前日均消费预计需完成天数 | M2: 当前日均消费预计完成时间 | N2: 距合同到期剩余天数 | O2: 合同到期日期 | P2: 签框产品线 | Q2: 返款对像 | R2: 结算方式 | S2: 是否已经签订合同 | T2: 合同时间 | U2: 备注 | V2: 部门 | W2: 维护客服 | X2: 签约客服
A3: 年结 | B3: 福建朗盛管业科技有限公司 福建闽杰管业科技股份有限公司 | C3: 1500000 | D3: 0.16 | E3: =SUM('大搜+信息流年框客户消费明细'!$F$4:$F$5) -> 522342.1 | F3: =E3/C3 -> 0.34822807 | G3: =IF(E3>=C4,D4,IF(E3>=C3,D3,"未达标")) -> 未达标 | H3: ='大搜+信息流年框客户消费明细'!B4+'大搜+信息流年框客户消费明细'!B5+'大搜+信息流年框客户消费明细'!C4+'大搜+信息流年框客户消费明细'!C5 -> 1342.9814 | I3: =(C3-E3)/N3 -> 6348.4279 | J3: =H3-I3 -> -5005.4465 | K3: =IF(J3<0,I3/H3-1,"当前日均可达标") -> 3.7271152 | L3: =(C3-E3)/H3 -> 727.97574 | M3: =TODAY()+L3 -> 45667.976 | N3: =DATE(2023,6,16)-TODAY()+1 -> 154 | O3: 45093 | P3: 大搜+信息流合签 | Q3: 账户 | R3: 年结 | S3: 是 | T3: 2022年6月17日~2023年6月16日 | U3: 大搜+信息流 | V3: 漳州部门 | W3: 翁泉龙 | X3: 陈燕秀
C4: 3500000 | D4: 0.17 | F4: =E3/C4 -> 0.1492406 | I4: =(C4-E3)/N3 -> 19335.441 | J4: =H3-I4 -> -17992.459 | K4: =IF(J4<0,I4/H3-1,"当前日均可达标") -> 13.3974 | L4: =(C4-E3)/H3 -> 2217.1996 | M4: =TODAY()+L4 -> 47157.2
B5: 泉州市青果网络科技有限公司 | C5: 800000 | D5: 0.04 | E5: ='大搜+信息流年框客户消费明细'!$F$6 -> 159350.52 | F5: =$E$5/C5 -> 0.19918815 | G5: =IF(E5>=C7,D7,IF(E5>=C6,D6,IF(E5>=C5,D5,"未达标"))) -> 未达标 | H5: ='大搜+信息流年框客户消费明细'!B6+'大搜+信息流年框客户消费明细'!C6 -> 1853.1943 | I5: =(C5-$E$5)/$N$5 -> 2201.5446 | J5: =$H$5-I5 -> -348.35032 | K5: =IF(J5<0,I5/$H$5-1,"当前日均可达标") -> 0.18797291 | L5: =(C5-$E$5)/$H$5 -> 345.70012 | M5: =TODAY()+L5 -> 45285.7 | N5: =DATE(2023,10,31)-TODAY()+1 -> 291 | O5: 45230 | P5: 大搜+信息流合签 | Q5: 账户 | R5: 年结 | S5: 是 | T5: 2022年11月1日~2023年10月31日 | U5: 大搜+信息流 | V5: 泉州增值团队 | W5: 谢龙辉 | X5: 谢龙辉
C6: 1100000 | D6: 0.05 | F6: =$E$5/C6 -> 0.14486411 | I6: =(C6-$E$5)/$N$5 -> 3232.4724 | J6: =$H$5-I6 -> -1379.2782 | K6: =IF(J6<0,I6/$H$5-1,"当前日均可达标") -> 0.74427067 | L6: =(C6-$E$5)/$H$5 -> 507.58277 | M6: =TODAY()+L6 -> 45447.583
C7: 1500000 | D7: 0.07 | F7: =$E$5/C7 -> 0.10623368 | I7: =(C7-$E$5)/$N$5 -> 4607.0429 | J7: =$H$5-I7 -> -2753.8486 | K7: =IF(J7<0,I7/$H$5-1,"当前日均可达标") -> 1.486001 | L7: =(C7-$E$5)/$H$5 -> 723.4263 | M7: =TODAY()+L7 -> 45663.426
A8: 月结 | B8: 厦门房在线科技有限公司 | C8: 700000 | D8: 0.17 | E8: ='大搜+信息流年框客户消费明细'!$F$7 -> 0 | F8: =$E$8/C8 -> 0 | G8: =IF($E$8>=C10,D10,IF($E$8>=C9,D9,IF($E$8>=C8,D8,"未达标"))) -> 未达标 | H8: ='大搜+信息流年框客户消费明细'!$F$7 -> 0 | I8: =(C8-$E$8)/$N$5 -> 2405.4983 | J8: =$H$8-I8 -> -2405.4983 | K8: =IF(J8<0,I8/$H$8-1,"当前日均可达标") -> #DIV/0! | L8: =(C8-$E$8)/$H$8 -> #DIV/0! | M8: =TODAY()+L8 -> #DIV/0! | N8: =DATE(2023,10,9)-TODAY()+1 -> 269 | O8: 45208 | P8: 大搜+信息流合签 | Q8: 客户 | R8: 月返 | S8: 是 | T8: 2022年10月10日~2023年10月9日 | U8: 大搜+信息流 | V8: KOL | W8: 陈沅 | X8: 蒋铃溪
C9: 800000 | D9: 0.18 | F9: =$E$8/C9 -> 0 | I9: =(C9-$E$8)/$N$5 -> 2749.1409 | J9: =$H$8-I9 -> -2749.1409 | K9: =IF(J9<0,I9/$H$8-1,"当前日均可达标") -> #DIV/0! | L9: =(C9-$E$8)/$H$8 -> #DIV/0! | M9: =TODAY()+L9 -> #DIV/0!
C10: 1000000 | D10: 0.2 | F10: =$E$8/C10 -> 0 | I10: =(C10-$E$8)/$N$5 -> 3436.4261 | J10: =$H$8-I10 -> -3436.4261 | K10: =IF(J10<0,I10/$H$8-1,"当前日均可达标") -> #DIV/0! | L10: =(C10-$E$8)/$H$8 -> #DIV/0! | M10: =TODAY()+L10 -> #DIV/0!

Sheet 大搜年框客户消费明细
A1: 客户名称 | B1: 资质下所有账户大搜消费合计
B2: 大搜近七天日均 | C2: 2023年截至01月11日消费
A3: 厦门快乐番薯股份有限公司 | E3: 总消费从2023年1月1日起算
A4: 厦门运友供应链管理有限公司 | D4: 同一家 | E4: 总消费从2022年12月1日起算
A5: 厦门迪超物流有限公司
A6: 厦门货运力科技有限公司
A7: 厦门货小运科技有限公司
A8: 厦门市湖里区万线帮货运代理服务部
A9: 厦门雷霆网络科技股份有限公司 | D9: 同一家 | E9: 总消费从2023年1月1日起算
A10: 厦门雷霆互动网络有限公司
A11: 稿定（厦门）科技有限公司 | E11: 总消费从2022年8月1日起算

Sheet 信息流年框客户消费明细
A1: 客户名称 | B1: 资质下所有账户信息消费合计
B2: 信息流日均消费 | C2: 2023年截至01月11日消费
A3: 厦门快乐番薯股份有限公司 | D3: 总消费从2023年1月1日起算

Sheet 大搜+信息流年框客户消费明细
A1: 客户名称 | B1: 资质下所有账户大搜消费合计
B2: 日均消费 | D2: 2023年截至01月11日消费
B3: 大搜 | C3: 信息流 | D3: 大搜 | E3: 信息流 | F3: 大搜+信息流
A4: 福建朗盛管业科技有限公司 | B4: 849.33143 | C4: 0 | D4: 231797.9 | E4: 0 | F4: 231797.9 | G4: 同一家 | H4: 总消费从2022年6月17日起算
A5: 福建闽杰管业科技股份有限公司 | B5: 493.65 | C5: 0 | D5: 290544.2 | E5: 0 | F5: 290544.2 | H5: 总消费从2022年6月17日起算
A6: 泉州市青果网络科技有限公司 | B6: 1853.1943 | C6: 0 | D6: 159350.52 | E6: 0 | F6: 159350.52 | H6: 总消费从2022年11月1日起算
A7: 厦门房在线科技有限公司 | H7: 总消费从2022年10月1日起算
